WNT age,SHH age,G3 age,G4 age,mean0,std0,median0,q1-0,q3-0,Asia follow,US follow,median1,q1-1,q3-1,TP53+ age,TP53- age,mean-2,std-2,median-2,q1-2,q3-2,Asia age,US age,mean-3,std3,median3,q1-3,q3-3,four-type age,VS age,TP age,followup-all,mean4,std4,median4,q1-4,q3-4,internal-age,external-age,all-age,mean(std),"median(Q1, Q3)"
13,29,3,5,10.07712121,4.812171516,9,7,12,80,19.4,19,8,39,20,29,9.043,9.363891575,6,4,9,5,5.6,9.35750934,7.338306526,8,5,11,5,5,29,80,9.213668172,7.190107845,8,5,11,5,2,5,9.589 (7.957),"8 (5,  11)"
9,14,9,11,10.37,10.91062148,7,4,12,44,14.4,46.3,20.7,73.6,9,14,11.8032,11.91685312,8,4,13,11,2.1,8.73,6.344754899,7.65,4.7,11.1,11,11,14,44,9.270075027,7.208227736,8,5,11,4,8,4,8.820 (5.819),"8 (4.65,  11.5)"
6,8,9,4,7.359130435,5.057578917,6.2,4,9.5,11,61.5,,,,7,8,,,,,,4,4.6,,,,,,4,4,8,11,11.01457143,11.29412732,7,4,12,29,0.83,29,9.429 (7.565),"8 (5,  11)"
14,21,10,4,8.713005181,4.801342213,8,6,11,15,75.4,,,,13,21,,,,,,29,8,,,,,,29,29,21,15,28.28968594,24.87484274,22,9,43.725,4,9,4,,
8,7,10,8,,,,,,11,38.4,,,,6,7,,,,,,4,0.3,,,,,,4,4,7,11,,,,,,14,4,14,,
5,2,7,5,,,,,,71,26.5,,,,5,2,,,,,,14,7.8,,,,,,14,14,2,71,,,,,,6,16,6,,
15,36,7,7,,,,,,71,4.4,,,,5,36,,,,,,6,,,,,,,3,6,36,71,,,,,,3,15,3,,
2,36,9,5,,,,,,12,13.2,,,,17,36,,,,,,3,6.1,,,,,,13,3,36,12,,,,,,13,9,13,,
8,20,9,14,,,,,,71,73.9,,,,5,31,,,,,,13,12.2,,,,,,9,13,20,71,,,,,,9,7,9,,
7,31,7,6,,,,,,71,46.9,,,,28,3,,,,,,9,7.1,,,,,,9,9,31,71,,,,,,8,11,8,,
25,9,10,4,,,,,,71,59.1,,,,3,4,,,,,,9,10.9,,,,,,8,9,9,71,,,,,,21,12,21,,
3,3,7,7,,,,,,70,31.3,,,,9,3,,,,,,8,2.8,,,,,,21,8,3,70,,,,,,7,13,7,,
12,4,6,3,,,,,,70,107.4,,,,4,5,,,,,,21,11.1,,,,,,7,21,4,70,,,,,,2,12,2,,
12,3,5,4,,,,,,69,10.8,,,,4,7,,,,,,7,3.3,,,,,,2,7,3,69,,,,,,9,4,9,,
1,5,6,7,,,,,,72,111.2,,,,20,34,,,,,,2,1.7,,,,,,9,2,5,72,,,,,,8,8,8,,
10,7,6,7,,,,,,69,59.2,,,,6,6,,,,,,9,15.5,,,,,,8,9,7,69,,,,,,6,4,6,,
8,34,3,7,,,,,,81,12,,,,3,7,,,,,,8,7.8,,,,,,6,8,34,81,,,,,,36,9,36,,
8,6,12,8,,,,,,69,14.3,,,,7,12,,,,,,6,3.5,,,,,,36,6,6,69,,,,,,5,5,5,,
12,7,5,8,,,,,,29,17.3,,,,4,1,,,,,,36,7.3,,,,,,5,36,7,29,,,,,,7,14,7,,
12,7,11,7,,,,,,36,0.7,,,,6,4,,,,,,5,1.3,,,,,,7,5,7,36,,,,,,36,13,36,,
10,12,10,16,,,,,,81,91,,,,8,16,,,,,,7,13.8,,,,,,36,7,12,81,,,,,,5,6,5,,
10,13,8,6,,,,,,68,77.4,,,,4,4,,,,,,36,7.2,,,,,,5,36,13,68,,,,,,20,12,20,,
11,1,3,33,,,,,,55,128.7,,,,52,11,,,,,,5,3.8,,,,,,20,5,1,55,,,,,,14,10,14,,
8,4,5,9,,,,,,14,93.1,,,,6,11,,,,,,20,8.2,,,,,,14,20,4,14,,,,,,6,2.92,6,,
9,16,4,3,,,,,,68,114.5,,,,5,5,,,,,,14,11.1,,,,,,6,14,16,68,,,,,,4,2.17,4,,
10,4,8,10,,,,,,73,58.9,,,,7,4,,,,,,6,8.3,,,,,,4,6,4,73,,,,,,31,7,31,,
22,11,8,4,,,,,,5,36.7,,,,4,2,,,,,,4,5.6,,,,,,31,4,11,5,,,,,,7,4,7,,
10,6,5,7,,,,,,70,50.3,,,,2,38,,,,,,31,15.2,,,,,,7,31,6,70,,,,,,3,5,3,,
6,11,13,10,,,,,,63,23.6,,,,9,10,,,,,,7,9.1,,,,,,3,7,11,63,,,,,,4,9,4,,
19,5,7,7,,,,,,68,107.4,,,,7,2,,,,,,3,10.6,,,,,,4,3,5,68,,,,,,7,14,7,,
26,4,10,9,,,,,,3,75.9,,,,5,34,,,,,,4,11.6,,,,,,7,4,4,3,,,,,,9,6,9,,
8,2,10,13,,,,,,63,111.1,,,,10,2,,,,,,7,10,,,,,,9,7,2,63,,,,,,7,9,7,,
9,5,7,8,,,,,,63,8.8,,,,6,8,,,,,,9,0.6,,,,,,7,9,5,63,,,,,,3,4,3,,
12,38,5,4,,,,,,11,77,,,,3,5,,,,,,7,11.1,,,,,,3,7,38,11,,,,,,7,11,7,,
9,5,30,21,,,,,,1,53.9,,,,43,11,,,,,,3,12.6,,,,,,7,3,5,1,,,,,,8,16,8,,
10,17,8,6,,,,,,11,75.3,,,,6,1,,,,,,7,7,,,,,,8,7,17,11,,,,,,8,4,8,,
23,5,5,3,,,,,,66,258.4,,,,34,7,,,,,,8,9.4,,,,,,8,8,5,66,,,,,,7,15,7,,
12,10,4,9,,,,,,61,49.2,,,,11,4,,,,,,8,1.3,,,,,,7,8,10,61,,,,,,16,4,16,,
13,28,4,4,,,,,,6,47.8,,,,6,34,,,,,,7,3.4,,,,,,16,7,28,6,,,,,,6,25,6,,
5,3,6,3,,,,,,3,112.1,,,,1,8,,,,,,16,7.1,,,,,,6,16,3,3,,,,,,33,11,33,,
9,2,8,8,,,,,,62,24.4,,,,2,6,,,,,,6,14,,,,,,33,6,2,62,,,,,,4,4,4,,
12,9,3,6,,,,,,24,8.4,,,,9,13,,,,,,33,36.3,,,,,,4,33,9,24,,,,,,3,17,3,,
7,34,18,6,,,,,,20,54.6,,,,6,8,,,,,,4,7.6,,,,,,3,4,34,20,,,,,,9,10.2,9,,
8,4,13,6,,,,,,66,79.7,,,,10,8,,,,,,3,13.3,,,,,,9,3,4,66,,,,,,3,3.5,3,,
6,4,4,10,,,,,,59,15.1,,,,5,13,,,,,,9,5.2,,,,,,3,9,4,59,,,,,,10,4,10,,
8,2,2,4,,,,,,10,76.4,,,,12,8,,,,,,3,4.6,,,,,,10,3,2,10,,,,,,14,10,14,,
6,20,3,8,,,,,,66,46.3,,,,5,9,,,,,,10,11.7,,,,,,14,10,20,66,,,,,,8,11,8,,
11,6,39,14,,,,,,41,111.7,,,,2,6,,,,,,14,6.2,,,,,,10,14,6,41,,,,,,4,16,4,,
14,8,4,8,,,,,,28,144.8,,,,8,3,,,,,,10,12.5,,,,,,8,10,8,28,,,,,,5,1.5,5,,
6,5,7,6,,,,,,60,133.7,,,,7,5,,,,,,8,3.7,,,,,,4,8,5,60,,,,,,7,10,7,,
8,11,5,3,,,,,,60,114.4,,,,8,10,,,,,,4,9.3,,,,,,5,4,11,60,,,,,,7,3,7,,
10,1,16,7,,,,,,35,51.8,,,,4,25,,,,,,5,13,,,,,,7,5,1,35,,,,,,10,10,10,,
6,3,7,11,,,,,,60,110.4,,,,3.58,13,,,,,,7,12,,,,,,7,7,3,60,,,,,,13,8,13,,
16,7,2,7,,,,,,65,45.4,,,,15,7,,,,,,7,9.7,,,,,,10,7,7,65,,,,,,34,4,34,,
5,7,7,4,,,,,,15,26.3,,,,11,13,,,,,,10,13.3,,,,,,34,10,7,15,,,,,,7,3,7,,
12,4,8,7,,,,,,61,8.2,,,,4,10,,,,,,13,15.4,,,,,,7,13,4,61,,,,,,6,10,6,,
15,34,16,29,,,,,,8.2,59,,,,8,12,,,,,,34,6.4,,,,,,6,34,34,8.2,,,,,,7,9,7,,
7,4,4,3,,,,,,24,62.1,,,,5,39,,,,,,7,6.4,,,,,,7,7,4,24,,,,,,10,5,10,,
15,8,4,12,,,,,,59,33.9,,,,6,4,,,,,,6,11.6,,,,,,10,6,8,59,,,,,,9,9,9,,
8,6,9,4,,,,,,58,3,,,,2,15,,,,,,7,4.3,,,,,,9,7,6,58,,,,,,5,13,5,,
12,6,11,8,,,,,,12,73.3,,,,,6,,,,,,10,3.8,,,,,,7,10,6,12,,,,,,7,17,7,,
17,13,6,5,,,,,,44,18.7,,,,,21,,,,,,9,4.6,,,,,,5,9,13,44,,,,,,8,2.75,8,,
20,8,12,5,,,,,,62,48.5,,,,,12,,,,,,7,13.3,,,,,,13,7,8,62,,,,,,12,3,12,,
16,8,4,12,,,,,,58,13.6,,,,,2,,,,,,5,14,,,,,,7,5,8,58,,,,,,7,4,7,,
8,8,10,20,,,,,,62,27.1,,,,,7,,,,,,13,2.1,,,,,,8,13,8,62,,,,,,13,6.83,13,,
11,13,12,7,,,,,,57,18.9,,,,,40,,,,,,7,8.9,,,,,,12,7,13,57,,,,,,15,0.3,15,,
6,8,5,18,,,,,,61,1.4,,,,,54,,,,,,8,9.9,,,,,,7,8,8,61,,,,,,1,3.3,1,,
9,9,6,5,,,,,,7,57.7,,,,,7,,,,,,12,9.9,,,,,,13,12,9,7,,,,,,2,1.7,2,,
4,6,4,2,,,,,,57,20,,,,,11,,,,,,7,4.1,,,,,,15,7,6,57,,,,,,4,15.5,4,,
7,3,14,3,,,,,,61,45.6,,,,,5,,,,,,13,20.9,,,,,,1,13,3,61,,,,,,4,7.8,4,,
13,5,6,6,,,,,,57,20.8,,,,,53,,,,,,15,9.7,,,,,,2,15,5,57,,,,,,21,13.8,21,,
10,4,4,6,,,,,,84,19.3,,,,,3,,,,,,1,15.4,,,,,,4,1,4,84,,,,,,10,7.2,10,,
7,10,7,10,,,,,,18,91.6,,,,,13,,,,,,2,7.7,,,,,,4,2,10,18,,,,,,9,3.8,9,,
8,25,7,7,,,,,,6,99.9,,,,,3,,,,,,4,10,,,,,,21,4,25,6,,,,,,9,8.2,9,,
7,13,4,12,,,,,,57,3.6,,,,,4,,,,,,4,3.9,,,,,,9,4,13,57,,,,,,6,11.1,6,,
11,7,3.5,2,,,,,,35,66.6,,,,,11,,,,,,21,7.4,,,,,,9,21,7,35,,,,,,7,8.3,7,,
14,13,10,21,,,,,,62,57.8,,,,,6,,,,,,10,5.1,,,,,,6,10,13,62,,,,,,8,15.2,8,,
9,10,10,12,,,,,,57,51,,,,,7,,,,,,9,4.1,,,,,,7,9,10,57,,,,,,7,9.1,7,,
9,12,4,13,,,,,,56,19,,,,,9,,,,,,9,4,,,,,,8,9,12,56,,,,,,25,10.6,25,,
13,39,10,8,,,,,,62,18.7,,,,,11,,,,,,6,5.7,,,,,,7,6,39,62,,,,,,3,11.6,3,,
14,4,9,5,,,,,,56,110.8,,,,,50,,,,,,7,13.9,,,,,,25,7,4,56,,,,,,16,10,16,,
13,15,11,6,,,,,,56,25.8,,,,,6,,,,,,8,1.4,,,,,,3,8,15,56,,,,,,4,12.6,4,,
12,6,4,6,,,,,,56,27.5,,,,,22,,,,,,7,11.4,,,,,,16,7,6,56,,,,,,9,1.3,9,,
13,52,3,4,,,,,,60,11.2,,,,,40,,,,,,25,0.8,,,,,,4,25,52,60,,,,,,10,3.4,10,,
10,6,9,10,,,,,,56,48.2,,,,,46,,,,,,3,16.2,,,,,,9,3,6,56,,,,,,4,7.1,4,,
6,21,7,7,,,,,,60,109.8,,,,,15,,,,,,16,10.4,,,,,,10,16,21,60,,,,,,11,36.3,11,,
9,5,3,7,,,,,,55,38,,,,,34,,,,,,4,5.6,,,,,,4,4,5,55,,,,,,3,13.3,3,,
13,12,3,11,,,,,,60,43.9,,,,,4,,,,,,9,5.6,,,,,,11,9,12,60,,,,,,6,6.2,6,,
9,7,7,9,,,,,,53,4.3,,,,,1,,,,,,10,2.4,,,,,,3,10,7,53,,,,,,11,12.5,11,,
14,2,14,7,,,,,,56,51,,,,,6,,,,,,4,2,,,,,,6,4,2,56,,,,,,8,12,8,,
16,4,2,6,,,,,,42,31.5,,,,,5,,,,,,11,10.2,,,,,,11,11,4,42,,,,,,6,13.3,6,,
7,7,2,8,,,,,,82,10,,,,,31,,,,,,3,3,,,,,,8,3,7,82,,,,,,6,6.4,6,,
6,40,7,13,,,,,,4,12.2,,,,,12,,,,,,6,6,,,,,,6,6,40,4,,,,,,5,11.6,5,,
5.83,54,7,3,,,,,,40,49.1,,,,,2,,,,,,11,8,,,,,,6,11,54,40,,,,,,6,4.3,6,,
9,7,2.1,6,,,,,,29,17.8,,,,,3,,,,,,8,3,,,,,,5,8,7,29,,,,,,10,14,10,,
5,2,4.6,10,,,,,,32,50,,,,,7,,,,,,6,3,,,,,,6,6,2,32,,,,,,3,9.9,3,,
8,9,6.1,7,,,,,,59,57.4,,,,,8,,,,,,6,5,,,,,,10,6,9,59,,,,,,4,9.9,4,,
7,11,3.5,9,,,,,,55,62.4,,,,,2,,,,,,5,16,,,,,,3,5,11,55,,,,,,2,4.1,2,,
10,5,3.8,10,,,,,,41.1,65.2,,,,,12,,,,,,6,13,,,,,,4,6,5,41.1,,,,,,5,9.7,5,,
10,7,11.1,6,,,,,,59,61.6,,,,,16,,,,,,10,9,,,,,,2,10,7,59,,,,,,4,10,4,,
3,53,5.6,9,,,,,,59,24.8,,,,,3,,,,,,3,6,,,,,,5,3,53,59,,,,,,8,5.1,8,,
6,5,5.2,5,,,,,,55,68.5,,,,,11,,,,,,4,7,,,,,,4,4,5,55,,,,,,7,13.9,7,,
5,10,6.2,6,,,,,,17,18.9,,,,,1,,,,,,2,6,,,,,,7,2,10,17,,,,,,14,11.4,14,,
6,3,3.7,6,,,,,,54,69.2,,,,,2,,,,,,5,5,,,,,,8,5,3,54,,,,,,12,5.6,12,,
9.6,6,4.3,1,,,,,,54,72.5,,,,,14,,,,,,4,9,,,,,,14,4,6,54,,,,,,16,5.6,16,,
5.4,3,3.8,14,,,,,,54,71.8,,,,,8,,,,,,8,11,,,,,,12,8,3,54,,,,,,8,3,8,,
9.6,13,4.6,3,,,,,,58,73.9,,,,,1,,,,,,7,8,,,,,,8,7,13,58,,,,,,6,6,6,,
13,3,2.1,4,,,,,,54,72,,,,,4,,,,,,8,13,,,,,,6,8,3,54,,,,,,5,8,5,,
9,43,4.1,3,,,,,,31,12.4,,,,,2,,,,,,14,7,,,,,,5,14,43,31,,,,,,38,3,38,,
1.75,4,15.4,11,,,,,,58,20.6,,,,,2,,,,,,12,8,,,,,,38,12,4,58,,,,,,5,5,5,,
8,11,11.4,7,,,,,,22,11.5,,,,,7,,,,,,16,7,,,,,,5,16,11,22,,,,,,4,16,4,,
9,6,5.6,18,,,,,,54,28.5,,,,,11,,,,,,8,8,,,,,,6,8,6,54,,,,,,6,13,6,,
9,6,2.4,19,,,,,,4,30.2,,,,,8,,,,,,6,5,,,,,,3,6,6,4,,,,,,3,9,3,,
23,34,10.2,8,,,,,,18,23.8,,,,,10,,,,,,5,18,,,,,,17,5,34,18,,,,,,4,6,4,,
3,7,3,10,,,,,,23,41.1,,,,,13,,,,,,38,8,,,,,,7,38,7,23,,,,,,17,7,17,,
31,11,,6,,,,,,30,41.7,,,,,7,,,,,,5,2,,,,,,5,5,11,30,,,,,,7,5,7,,
9,9,,5,,,,,,53,24,,,,,12,,,,,,4,7,,,,,,12,4,9,53,,,,,,5,9,5,,
4,11,,4,,,,,,25,74,,,,,10,,,,,,6,16,,,,,,6,6,11,25,,,,,,12,11,12,,
8,6,,5,,,,,,52,76.8,,,,,9,,,,,,3,10,,,,,,11,3,6,52,,,,,,9,8,9,,
9,1,,6,,,,,,53,82.9,,,,,10,,,,,,4,5,,,,,,10,4,1,53,,,,,,6,7,6,,
8,50,,4,,,,,,14,81.8,,,,,4,,,,,,17,8,,,,,,7,17,50,14,,,,,,11,8,11,,
16,6,,5,,,,,,53,33.4,,,,,16,,,,,,7,26,,,,,,4,7,6,53,,,,,,10,7,10,,
13,2,,11,,,,,,53,21.1,,,,,3,,,,,,5,38,,,,,,28,5,2,53,,,,,,7,5,7,,
7.8,9,,9,,,,,,57,80.8,,,,,8,,,,,,12,36,,,,,,7,12,9,57,,,,,,4,18,4,,
8.2,6,,3,,,,,,52,23.8,,,,,2.9,,,,,,9,6,,,,,,1,9,6,52,,,,,,28,8,28,,
13,10,,9,,,,,,57,20.9,,,,,4.5,,,,,,23,22,,,,,,3,23,10,57,,,,,,7,2,7,,
11.6,5,,7,,,,,,51,29.7,,,,,15,,,,,,11,5,,,,,,2,11,5,51,,,,,,8,10,8,,
9.9,12,,5,,,,,,13,31.2,,,,,9,,,,,,10,3,,,,,,29,10,12,13,,,,,,1,5,1,,
7.4,22,,6,,,,,,56,36.1,,,,,5.5,,,,,,7,7,,,,,,10,7,22,56,,,,,,3,26,3,,
5.1,5,,18,,,,,,52,43.2,,,,,2.25,,,,,,4,3,,,,,,3,4,5,52,,,,,,2,38,2,,
9,40,,7,,,,,,56,11.2,,,,,9,,,,,,28,2,,,,,,12,28,40,56,,,,,,29,6,29,,
11,46,,5,,,,,,52,,,,,,3,,,,,,7,,,,,,,9,7,46,52,,,,,,10,5,10,,
,15,,6,,,,,,12,,,,,,2.33,,,,,,8,,,,,,,8,8,15,12,,,,,,3,3,3,,
,34,,8,,,,,,56,,,,,,12,,,,,,1,,,,,,,8,1,34,56,,,,,,12,7,12,,
,4,,13,,,,,,52,,,,,,2.75,,,,,,3,,,,,,,34,3,4,52,,,,,,9,2,9,,
,1,,4,,,,,,51,,,,,,4.25,,,,,,2,,,,,,,4,2,1,51,,,,,,8,,8,,
,2,,2,,,,,,55,,,,,,3,,,,,,29,,,,,,,4,29,2,55,,,,,,8,,8,,
,6,,3,,,,,,51,,,,,,6,,,,,,10,,,,,,,4,10,6,51,,,,,,34,,34,,
,5,,5,,,,,,51,,,,,,16,,,,,,3,,,,,,,8,3,5,51,,,,,,4,,4,,
,31,,11,,,,,,51,,,,,,8,,,,,,12,,,,,,,2,12,31,51,,,,,,4,,4,,
,12,,12,,,,,,51,,,,,,7,,,,,,9,,,,,,,5,9,12,51,,,,,,4,,4,,
,2,,8,,,,,,50,,,,,,2,,,,,,8,,,,,,,5,8,2,50,,,,,,8,,8,,
,3,,5,,,,,,50,,,,,,7,,,,,,8,,,,,,,6,8,3,50,,,,,,2,,2,,
,7,,10,,,,,,54,,,,,,16,,,,,,34,,,,,,,12,34,7,54,,,,,,5,,5,,
,8,,7,,,,,,30,,,,,,38,,,,,,4,,,,,,,20,4,8,30,,,,,,5,,5,,
,2,,16,,,,,,57,,,,,,3,,,,,,4,,,,,,,12,4,2,57,,,,,,6,,6,,
,8,,8,,,,,,54,,,,,,2,,,,,,4,,,,,,,7,4,8,54,,,,,,7,,7,,
,12,,8,,,,,,54,,,,,,42,,,,,,8,,,,,,,12,8,12,54,,,,,,20,,20,,
,16,,10,,,,,,54,,,,,,42,,,,,,2,,,,,,,18,2,16,54,,,,,,7,,7,,
,7,,8,,,,,,55,,,,,,9,,,,,,5,,,,,,,5,5,7,55,,,,,,12,,12,,
,3,,7,,,,,,50,,,,,,,,,,,,5,,,,,,,2,5,3,50,,,,,,18,,18,,
,11,,3,,,,,,50,,,,,,,,,,,,6,,,,,,,20,6,11,50,,,,,,5,,5,,
,8,,7,,,,,,49,,,,,,,,,,,,12,,,,,,,3,12,8,49,,,,,,2,,2,,
,1,,8,,,,,,29,,,,,,,,,,,,7,,,,,,,6,7,1,29,,,,,,3,,3,,
,2,,5,,,,,,54,,,,,,,,,,,,20,,,,,,,3,20,2,54,,,,,,6,,6,,
,14,,17,,,,,,49,,,,,,,,,,,,12,,,,,,,10,12,14,49,,,,,,3,,3,,
,8,,4,,,,,,53,,,,,,,,,,,,7,,,,,,,12,7,8,53,,,,,,10,,10,,
,1,,5,,,,,,54,,,,,,,,,,,,12,,,,,,,6,12,1,54,,,,,,12,,12,,
,4,,6,,,,,,27,,,,,,,,,,,,18,,,,,,,6,18,4,27,,,,,,6,,6,,
,2,,14,,,,,,53,,,,,,,,,,,,5,,,,,,,8,5,2,53,,,,,,6,,6,,
,2,,9,,,,,,53,,,,,,,,,,,,2,,,,,,,10,2,2,53,,,,,,8,,8,,
,2,,7,,,,,,53,,,,,,,,,,,,20,,,,,,,10,20,7,53,,,,,,19,,19,,
,25,,6,,,,,,26,,,,,,,,,,,,3,,,,,,,7,3,11,26,,,,,,10,,10,,
,2.42,,6,,,,,,30,,,,,,,,,,,,6,,,,,,,12,6,8,30,,,,,,10,,10,,
,13.25,,8,,,,,,3,,,,,,,,,,,,3,,,,,,,2,3,4,3,,,,,,7,,7,,
,7,,4,,,,,,55,,,,,,,,,,,,10,,,,,,,5,10,10,55,,,,,,12,,12,,
,11,,12,,,,,,10,,,,,,,,,,,,12,,,,,,,5,12,13,10,,,,,,5,,5,,
,8,,6,,,,,,52,,,,,,,,,,,,6,,,,,,,11,6,7,52,,,,,,5,,5,,
,4,,15,,,,,,52,,,,,,,,,,,,6,,,,,,,21,6,12,52,,,,,,11,,11,,
,10,,18,,,,,,44,,,,,,,,,,,,8,,,,,,,12,8,10,44,,,,,,21,,21,,
,13,,6,,,,,,12,,,,,,,,,,,,19,,,,,,,13,19,9,12,,,,,,9,,9,,
,7,,5,,,,,,52,,,,,,,,,,,,10,,,,,,,8,10,10,52,,,,,,12,,12,,
,12,,13,,,,,,47,,,,,,,,,,,,10,,,,,,,1,10,3.58,47,,,,,,13,,13,,
,10,,20,,,,,,47,,,,,,,,,,,,7,,,,,,,3,7,4,47,,,,,,8,,8,,
,9,,5,,,,,,54,,,,,,,,,,,,12,,,,,,,11,12,16,54,,,,,,3,,3,,
,10,,4,,,,,,25,,,,,,,,,,,,2,,,,,,,7,2,3,25,,,,,,7,,7,,
,6,,6,,,,,,47,,,,,,,,,,,,5,,,,,,,5,5,8,47,,,,,,6,,6,,
,2,,8,,,,,,47,,,,,,,,,,,,5,,,,,,,6,5,2.9,47,,,,,,6,,6,,
,0.97,,13,,,,,,46,,,,,,,,,,,,11,,,,,,,6,11,4.5,46,,,,,,10,,10,,
,2,,4,,,,,,32,,,,,,,,,,,,21,,,,,,,7,21,15,32,,,,,,4,,4,,
,14,,12,,,,,,46,,,,,,,,,,,,9,,,,,,,10,9,9,46,,,,,,10,,10,,
,6,,9,,,,,,46,,,,,,,,,,,,12,,,,,,,4,12,15,46,,,,,,4,,4,,
,6,,7,,,,,,50,,,,,,,,,,,,13,,,,,,,10,13,11,50,,,,,,34,,34,,
,2.92,,7,,,,,,15,,,,,,,,,,,,4,,,,,,,4,4,4,15,,,,,,7,,7,,
,2.17,,37,,,,,,36,,,,,,,,,,,,8,,,,,,,34,8,5.5,36,,,,,,4,,4,,
,5,,9,,,,,,10,,,,,,,,,,,,1,,,,,,,7,1,2.25,10,,,,,,7,,7,,
,4,,31,,,,,,45,,,,,,,,,,,,3,,,,,,,4,3,9,45,,,,,,11,,11,,
,1,,13,,,,,,46,,,,,,,,,,,,11,,,,,,,7,11,3,46,,,,,,8,,8,,
,3.58,,10,,,,,,11,,,,,,,,,,,,7,,,,,,,11,7,8,11,,,,,,9,,9,,
,4.42,,13,,,,,,20,,,,,,,,,,,,5,,,,,,,8,5,2.33,20,,,,,,8,,8,,
,4,,12,,,,,,52,,,,,,,,,,,,6,,,,,,,9,6,12,52,,,,,,7,,7,,
,16,,10,,,,,,45,,,,,,,,,,,,6,,,,,,,8,6,2.75,45,,,,,,6,,6,,
,3,,8,,,,,,12,,,,,,,,,,,,7,,,,,,,7,7,4.25,12,,,,,,8,,8,,
,8,,7,,,,,,1,,,,,,,,,,,,10,,,,,,,6,10,3,1,,,,,,3,,3,,
,13,,4,,,,,,44,,,,,,,,,,,,4,,,,,,,8,4,6,44,,,,,,11,,11,,
,30,,13,,,,,,50,,,,,,,,,,,,10,,,,,,,13,10,16,50,,,,,,3,,3,,
,2.9,,22,,,,,,72,,,,,,,,,,,,4,,,,,,,3,4,8,72,,,,,,5,,5,,
,1.5,,9,,,,,,49,,,,,,,,,,,,34,,,,,,,11,34,7,49,,,,,,8,,8,,
,4.5,,6,,,,,,50,,,,,,,,,,,,7,,,,,,,3,7,5,50,,,,,,6,,6,,
,15,,9,,,,,,11,,,,,,,,,,,,4,,,,,,,5,4,2,11,,,,,,6,,6,,
,3,,11,,,,,,8,,,,,,,,,,,,7,,,,,,,8,7,7,8,,,,,,6,,6,,
,9,,13,,,,,,45,,,,,,,,,,,,11,,,,,,,6,11,16,45,,,,,,13,,13,,
,15,,4,,,,,,44,,,,,,,,,,,,8,,,,,,,6,8,38,44,,,,,,9,,9,,
,11,,11,,,,,,14,,,,,,,,,,,,9,,,,,,,6,9,6,14,,,,,,10,,10,,
,4,,8,,,,,,50,,,,,,,,,,,,8,,,,,,,13,8,3,50,,,,,,10,,10,,
,5.5,,15,,,,,,43,,,,,,,,,,,,7,,,,,,,9,7,2,43,,,,,,8,,8,,
,2.25,,10,,,,,,42,,,,,,,,,,,,6,,,,,,,10,6,2,42,,,,,,7,,7,,
,9,,15,,,,,,47,,,,,,,,,,,,8,,,,,,,10,8,42,47,,,,,,9,,9,,
,3,,5,,,,,,47,,,,,,,,,,,,13,,,,,,,8,13,42,47,,,,,,8,,8,,
,8,,2,,,,,,46,,,,,,,,,,,,3,,,,,,,7,3,9,46,,,,,,4,,4,,
,2.33,,5,,,,,,42,,,,,,,,,,,,11,,,,,,,8,11,,42,,,,,,10,,10,,
,12,,8,,,,,,12,,,,,,,,,,,,3,,,,,,,9,3,,12,,,,,,8,,8,,
,2.75,,5,,,,,,46,,,,,,,,,,,,5,,,,,,,8,5,,46,,,,,,6,,6,,
,4.25,,17,,,,,,14,,,,,,,,,,,,8,,,,,,,4,8,,14,,,,,,9,,9,,
,2,,6,,,,,,46,,,,,,,,,,,,6,,,,,,,13,6,,46,,,,,,9,,9,,
,42,,12,,,,,,45,,,,,,,,,,,,6,,,,,,,10,6,,45,,,,,,7,,7,,
,42,,2,,,,,,45,,,,,,,,,,,,6,,,,,,,8,6,,45,,,,,,6,,6,,
,9,,8,,,,,,41,,,,,,,,,,,,13,,,,,,,6,13,,41,,,,,,3,,3,,
,0.3,,9,,,,,,45,,,,,,,,,,,,9,,,,,,,9,9,,45,,,,,,8,,8,,
,10.9,,16,,,,,,48,,,,,,,,,,,,10,,,,,,,9,10,,48,,,,,,5,,5,,
,3.3,,4,,,,,,45,,,,,,,,,,,,10,,,,,,,6,10,,45,,,,,,6,,6,,
,1.7,,7,,,,,,36,,,,,,,,,,,,8,,,,,,,3,8,,36,,,,,,22,,22,,
,1.3,,12,,,,,,46,,,,,,,,,,,,7,,,,,,,8,7,,46,,,,,,5,,5,,
,15.2,,9,,,,,,45,,,,,,,,,,,,8,,,,,,,5,8,,45,,,,,,10,,10,,
,9.1,,4,,,,,,45,,,,,,,,,,,,9,,,,,,,6,9,,45,,,,,,5,,5,,
,0.6,,10,,,,,,23,,,,,,,,,,,,8,,,,,,,22,8,,23,,,,,,8,,8,,
,1.3,,18,,,,,,41,,,,,,,,,,,,4,,,,,,,10,4,,41,,,,,,6,,6,,
,3.4,,3,,,,,,45,,,,,,,,,,,,13,,,,,,,5,13,,45,,,,,,1,,1,,
,36.3,,12,,,,,,10,,,,,,,,,,,,10,,,,,,,8,10,,10,,,,,,14,,14,,
,15.4,,11,,,,,,40,,,,,,,,,,,,8,,,,,,,6,8,,40,,,,,,3,,3,,
,20.9,,10,,,,,,24,,,,,,,,,,,,6,,,,,,,1,6,,24,,,,,,5,,5,,
,3.9,,9,,,,,,20,,,,,,,,,,,,9,,,,,,,6,9,,20,,,,,,4,,4,,
,4.1,,12,,,,,,40,,,,,,,,,,,,9,,,,,,,14,9,,40,,,,,,19,,19,,
,4,,9,,,,,,40,,,,,,,,,,,,7,,,,,,,3,7,,40,,,,,,13,,13,,
,1.4,,4,,,,,,39,,,,,,,,,,,,6,,,,,,,5,6,,39,,,,,,26,,26,,
,0.8,,12,,,,,,39,,,,,,,,,,,,3,,,,,,,4,3,,39,,,,,,4,,4,,
,2,,10,,,,,,1,,,,,,,,,,,,8,,,,,,,19,8,,1,,,,,,3,,3,,
,3,,8,,,,,,39,,,,,,,,,,,,5,,,,,,,13,5,,39,,,,,,10,,10,,
,6,,11,,,,,,39,,,,,,,,,,,,6,,,,,,,26,6,,39,,,,,,25,,25,,
,16,,9,,,,,,39,,,,,,,,,,,,6,,,,,,,4,6,,39,,,,,,7,,7,,
,13,,6,,,,,,44,,,,,,,,,,,,22,,,,,,,3,22,,44,,,,,,13,,13,,
,8,,10,,,,,,19,,,,,,,,,,,,5,,,,,,,10,5,,19,,,,,,7,,7,,
,7,,3,,,,,,45,,,,,,,,,,,,10,,,,,,,25,10,,45,,,,,,18,,18,,
,5,,2,,,,,,39,,,,,,,,,,,,5,,,,,,,11,5,,39,,,,,,19,,19,,
,8,,8,,,,,,24,,,,,,,,,,,,8,,,,,,,7,8,,24,,,,,,10,,10,,
,2,,9,,,,,,43,,,,,,,,,,,,6,,,,,,,13,6,,43,,,,,,8,,8,,
,7,,8,,,,,,42,,,,,,,,,,,,1,,,,,,,7,1,,42,,,,,,10,,10,,
,16,,0.83,,,,,,38,,,,,,,,,,,,6,,,,,,,18,6,,38,,,,,,6,,6,,
,38,,9,,,,,,38,,,,,,,,,,,,14,,,,,,,19,14,,38,,,,,,8,,8,,
,6,,16,,,,,,42,,,,,,,,,,,,3,,,,,,,10,3,,42,,,,,,9,,9,,
,3,,5.83,,,,,,38,,,,,,,,,,,,5,,,,,,,8,5,,38,,,,,,4,,4,,
,7,,13.17,,,,,,38,,,,,,,,,,,,4,,,,,,,10,4,,38,,,,,,10,,10,,
,2,,4.92,,,,,,42,,,,,,,,,,,,19,,,,,,,6,19,,42,,,,,,5,,5,,
,,,7.42,,,,,,6,,,,,,,,,,,,13,,,,,,,8,13,,6,,,,,,5,,5,,
,,,15,,,,,,41,,,,,,,,,,,,8,,,,,,,5,8,,41,,,,,,6,,6,,
,,,9,,,,,,39,,,,,,,,,,,,26,,,,,,,9,26,,39,,,,,,4,,4,,
,,,12,,,,,,10,,,,,,,,,,,,4,,,,,,,4,4,,10,,,,,,12,,12,,
,,,4,,,,,,2,,,,,,,,,,,,3,,,,,,,10,3,,2,,,,,,11,,11,,
,,,9,,,,,,41,,,,,,,,,,,,10,,,,,,,5,10,,41,,,,,,5,,5,,
,,,6,,,,,,41,,,,,,,,,,,,25,,,,,,,7,25,,41,,,,,,13,,13,,
,,,7,,,,,,37,,,,,,,,,,,,11,,,,,,,6,11,,37,,,,,,9,,9,,
,,,17,,,,,,37,,,,,,,,,,,,7,,,,,,,7,7,,37,,,,,,3,,3,,
,,,11,,,,,,36,,,,,,,,,,,,13,,,,,,,4,13,,36,,,,,,9,,9,,
,,,11,,,,,,11.2,,,,,,,,,,,,7,,,,,,,5,7,,11.2,,,,,,10,,10,,
,,,13,,,,,,15,,,,,,,,,,,,18,,,,,,,12,18,,15,,,,,,10,,10,,
,,,11,,,,,,40,,,,,,,,,,,,19,,,,,,,11,19,,40,,,,,,7,,7,,
,,,6,,,,,,7,,,,,,,,,,,,36,,,,,,,9,36,,7,,,,,,23,,23,,
,,,4,,,,,,36,,,,,,,,,,,,10,,,,,,,5,10,,36,,,,,,12,,12,,
,,,11,,,,,,12,,,,,,,,,,,,8,,,,,,,13,8,,12,,,,,,5,,5,,
,,,3,,,,,,4,,,,,,,,,,,,10,,,,,,,9,10,,4,,,,,,5,,5,,
,,,4,,,,,,38,,,,,,,,,,,,6,,,,,,,3,6,,38,,,,,,6,,6,,
,,,7,,,,,,37,,,,,,,,,,,,8,,,,,,,9,8,,37,,,,,,18,,18,,
,,,11,,,,,,37,,,,,,,,,,,,5,,,,,,,10,5,,37,,,,,,39,,39,,
,,,2,,,,,,37,,,,,,,,,,,,9,,,,,,,10,9,,37,,,,,,30,,30,,
,,,7,,,,,,37,,,,,,,,,,,,4,,,,,,,7,4,,37,,,,,,12,,12,,
,,,7,,,,,,36,,,,,,,,,,,,10,,,,,,,23,10,,36,,,,,,4,,4,,
,,,7,,,,,,39,,,,,,,,,,,,5,,,,,,,12,5,,39,,,,,,7,,7,,
,,,7,,,,,,36,,,,,,,,,,,,5,,,,,,,5,5,,36,,,,,,8,,8,,
,,,5,,,,,,36,,,,,,,,,,,,7,,,,,,,6,7,,36,,,,,,13,,13,,
,,,14,,,,,,37,,,,,,,,,,,,6,,,,,,,18,6,,37,,,,,,5,,5,,
,,,9,,,,,,32,,,,,,,,,,,,7,,,,,,,39,7,,32,,,,,,6,,6,,
,,,10,,,,,,32,,,,,,,,,,,,4,,,,,,,30,4,,32,,,,,,15,,15,,
,,,7,,,,,,36,,,,,,,,,,,,5,,,,,,,12,5,,36,,,,,,8,,8,,
,,,10,,,,,,33,,,,,,,,,,,,12,,,,,,,4,12,,33,,,,,,5,,5,,
,,,9,,,,,,36,,,,,,,,,,,,11,,,,,,,7,11,,36,,,,,,13,,13,,
,,,6,,,,,,35,,,,,,,,,,,,9,,,,,,,8,9,,35,,,,,,6,,6,,
,,,9,,,,,,35,,,,,,,,,,,,5,,,,,,,13,5,,35,,,,,,4,,4,,
,,,11,,,,,,16,,,,,,,,,,,,13,,,,,,,5,13,,16,,,,,,2,,2,,
,,,4,,,,,,31,,,,,,,,,,,,9,,,,,,,6,9,,31,,,,,,52,,52,,
,,,15,,,,,,33,,,,,,,,,,,,3,,,,,,,15,3,,33,,,,,,3,,3,,
,,,4,,,,,,31,,,,,,,,,,,,9,,,,,,,8,9,,31,,,,,,6,,6,,
,,,25,,,,,,18,,,,,,,,,,,,10,,,,,,,5,10,,18,,,,,,21,,21,,
,,,11,,,,,,35,,,,,,,,,,,,10,,,,,,,13,10,,35,,,,,,5,,5,,
,,,17,,,,,,30,,,,,,,,,,,,7,,,,,,,6,7,,30,,,,,,2,,2,,
,,,10.2,,,,,,34,,,,,,,,,,,,23,,,,,,,4,23,,34,,,,,,9,,9,,
,,,11,,,,,,34,,,,,,,,,,,,12,,,,,,,2,12,,34,,,,,,4,,4,,
,,,1.5,,,,,,33,,,,,,,,,,,,5,,,,,,,52,5,,33,,,,,,5,,5,,
,,,21,,,,,,34,,,,,,,,,,,,5,,,,,,,3,5,,34,,,,,,7,,7,,
,,,10.7,,,,,,29,,,,,,,,,,,,6,,,,,,,6,6,,29,,,,,,11,,11,,
,,,13,,,,,,36,,,,,,,,,,,,18,,,,,,,21,18,,36,,,,,,12,,12,,
,,,7.8,,,,,,32,,,,,,,,,,,,39,,,,,,,5,39,,32,,,,,,7,,7,,
,,,6,,,,,,32,,,,,,,,,,,,30,,,,,,,12,30,,32,,,,,,8,,8,,
,,,6.6,,,,,,35,,,,,,,,,,,,12,,,,,,,7,12,,35,,,,,,5,,5,,
,,,4.3,,,,,,35,,,,,,,,,,,,4,,,,,,,5,4,,35,,,,,,10,,10,,
,,,8,,,,,,28,,,,,,,,,,,,7,,,,,,,2,7,,28,,,,,,7,,7,,
,,,8,,,,,,28,,,,,,,,,,,,8,,,,,,,9,8,,28,,,,,,40,,40,,
,,,8,,,,,,32,,,,,,,,,,,,13,,,,,,,12,13,,32,,,,,,54,,54,,
,,,5,,,,,,32,,,,,,,,,,,,5,,,,,,,4,5,,32,,,,,,16,,16,,
,,,7,,,,,,33,,,,,,,,,,,,6,,,,,,,5,6,,33,,,,,,6,,6,,
,,,3,,,,,,28,,,,,,,,,,,,15,,,,,,,7,15,,28,,,,,,8,,8,,
,,,6.83,,,,,,26,,,,,,,,,,,,8,,,,,,,11,8,,26,,,,,,8,,8,,
,,,5.92,,,,,,5,,,,,,,,,,,,5,,,,,,,12,5,,5,,,,,,2,,2,,
,,,5,,,,,,27,,,,,,,,,,,,13,,,,,,,7,13,,27,,,,,,9,,9,,
,,,7,,,,,,27,,,,,,,,,,,,6,,,,,,,8,6,,27,,,,,,4,,4,,
,,,11,,,,,,27,,,,,,,,,,,,4,,,,,,,8,4,,27,,,,,,6,,6,,
,,,6,,,,,,27,,,,,,,,,,,,2,,,,,,,5,2,,27,,,,,,11,,11,,
,,,6,,,,,,31,,,,,,,,,,,,52,,,,,,,10,52,,31,,,,,,8,,8,,
,,,13,,,,,,31,,,,,,,,,,,,3,,,,,,,7,3,,31,,,,,,5,,5,,
,,,6,,,,,,24,,,,,,,,,,,,6,,,,,,,40,6,,24,,,,,,10,,10,,
,,,10,,,,,,32,,,,,,,,,,,,21,,,,,,,54,21,,32,,,,,,8,,8,,
,,,6,,,,,,23,,,,,,,,,,,,5,,,,,,,16,5,,23,,,,,,7,,7,,
,,,3,,,,,,33,,,,,,,,,,,,12,,,,,,,7,12,,33,,,,,,4,,4,,
,,,11,,,,,,14,,,,,,,,,,,,7,,,,,,,6,7,,14,,,,,,7,,7,,
,,,11,,,,,,4,,,,,,,,,,,,5,,,,,,,8,5,,4,,,,,,3,,3,,
,,,3,,,,,,23,,,,,,,,,,,,2,,,,,,,8,2,,23,,,,,,53,,53,,
,,,5,,,,,,25,,,,,,,,,,,,9,,,,,,,2,9,,25,,,,,,5,,5,,
,,,18,,,,,,32,,,,,,,,,,,,12,,,,,,,9,12,,32,,,,,,7,,7,,
,,,6,,,,,,25,,,,,,,,,,,,4,,,,,,,4,4,,25,,,,,,8,,8,,
,,,11,,,,,,17,,,,,,,,,,,,5,,,,,,,6,5,,17,,,,,,3,,3,,
,,,20,,,,,,39,,,,,,,,,,,,7,,,,,,,11,7,,39,,,,,,5,,5,,
,,,9,,,,,,39,,,,,,,,,,,,11,,,,,,,8,11,,39,,,,,,6,,6,,
,,,4,,,,,,29,,,,,,,,,,,,12,,,,,,,5,12,,29,,,,,,3,,3,,
,,,6,,,,,,24,,,,,,,,,,,,7,,,,,,,10,7,,24,,,,,,6,,6,,
,,,7,,,,,,29,,,,,,,,,,,,8,,,,,,,8,8,,29,,,,,,17,,17,,
,,,7,,,,,,28,,,,,,,,,,,,8,,,,,,,7,8,,28,,,,,,3,,3,,
,,,5.6,,,,,,23,,,,,,,,,,,,5,,,,,,,4,5,,23,,,,,,13,,13,,
,,,8,,,,,,6,,,,,,,,,,,,10,,,,,,,6,10,,6,,,,,,4,,4,,
,,,7.8,,,,,,23,,,,,,,,,,,,7,,,,,,,7,7,,23,,,,,,18,,18,,
,,,,,,,,,27,,,,,,,,,,,,40,,,,,,,3,40,,27,,,,,,13,,13,,
,,,12.2,,,,,,25,,,,,,,,,,,,54,,,,,,,53,54,,25,,,,,,5,,5,,
,,,7.1,,,,,,27,,,,,,,,,,,,16,,,,,,,5,16,,27,,,,,,3,,3,,
,,,2.8,,,,,,6,,,,,,,,,,,,7,,,,,,,10,7,,6,,,,,,11,,11,,
,,,11.1,,,,,,27,,,,,,,,,,,,6,,,,,,,7,6,,27,,,,,,43,,43,,
,,,15.5,,,,,,36,,,,,,,,,,,,8,,,,,,,8,8,,36,,,,,,14,,14,,
,,,7.3,,,,,,23,,,,,,,,,,,,8,,,,,,,3,8,,23,,,,,,6,,6,,
,,,13.8,,,,,,20,,,,,,,,,,,,2,,,,,,,5,2,,20,,,,,,14,,14,,
,,,7.2,,,,,,26,,,,,,,,,,,,9,,,,,,,8,9,,26,,,,,,6,,6,,
,,,8.3,,,,,,22,,,,,,,,,,,,4,,,,,,,6,4,,22,,,,,,9,,9,,
,,,10.6,,,,,,22,,,,,,,,,,,,6,,,,,,,3,6,,22,,,,,,7,,7,,
,,,11.6,,,,,,21,,,,,,,,,,,,11,,,,,,,17,11,,21,,,,,,6,,6,,
,,,10,,,,,,7,,,,,,,,,,,,8,,,,,,,3,8,,7,,,,,,4,,4,,
,,,11.1,,,,,,22,,,,,,,,,,,,5,,,,,,,13,5,,22,,,,,,6,,6,,
,,,12.6,,,,,,25,,,,,,,,,,,,10,,,,,,,4,10,,25,,,,,,11,,11,,
,,,7,,,,,,21,,,,,,,,,,,,8,,,,,,,18,8,,21,,,,,,6,,6,,
,,,9.4,,,,,,23,,,,,,,,,,,,7,,,,,,,13,7,,23,,,,,,8,,8,,
,,,7.1,,,,,,15,,,,,,,,,,,,4,,,,,,,5,4,,15,,,,,,4,,4,,
,,,14,,,,,,21,,,,,,,,,,,,6,,,,,,,3,6,,21,,,,,,8,,8,,
,,,7.6,,,,,,21,,,,,,,,,,,,7,,,,,,,11,7,,21,,,,,,6,,6,,
,,,13.3,,,,,,4,,,,,,,,,,,,3,,,,,,,43,3,,4,,,,,,34,,34,,
,,,4.6,,,,,,35,,,,,,,,,,,,53,,,,,,,14,53,,35,,,,,,2,,2,,
,,,11.7,,,,,,24,,,,,,,,,,,,5,,,,,,,6,5,,24,,,,,,7,,7,,
,,,12.5,,,,,,4,,,,,,,,,,,,10,,,,,,,14,10,,4,,,,,,4,,4,,
,,,9.3,,,,,,21,,,,,,,,,,,,7,,,,,,,6,7,,21,,,,,,3,,3,,
,,,12,,,,,,19,,,,,,,,,,,,8,,,,,,,9,8,,19,,,,,,11,,11,,
,,,9.7,,,,,,23,,,,,,,,,,,,3,,,,,,,7,3,,23,,,,,,9,,9,,
,,,13.3,,,,,,18,,,,,,,,,,,,5,,,,,,,6,5,,18,,,,,,6,,6,,
,,,6.4,,,,,,26,,,,,,,,,,,,8,,,,,,,4,8,,26,,,,,,12,,12,,
,,,6.4,,,,,,21,,,,,,,,,,,,6,,,,,,,6,6,,21,,,,,,6,,6,,
,,,13.3,,,,,,22,,,,,,,,,,,,3,,,,,,,11,3,,22,,,,,,6,,6,,
,,,14,,,,,,23,,,,,,,,,,,,6,,,,,,,6,6,,23,,,,,,16,,16,,
,,,8.9,,,,,,22,,,,,,,,,,,,17,,,,,,,8,17,,22,,,,,,5,,5,,
,,,9.9,,,,,,11,,,,,,,,,,,,3,,,,,,,4,3,,11,,,,,,15,,15,,
,,,9.7,,,,,,23,,,,,,,,,,,,13,,,,,,,8,13,,23,,,,,,1,,1,,
,,,7.7,,,,,,16,,,,,,,,,,,,4,,,,,,,6,4,,16,,,,,,12,,12,,
,,,10,,,,,,20,,,,,,,,,,,,18,,,,,,,34,18,,20,,,,,,18,,18,,
,,,5.7,,,,,,16,,,,,,,,,,,,13,,,,,,,10,13,,16,,,,,,6,,6,,
,,,13.9,,,,,,15,,,,,,,,,,,,5,,,,,,,2,5,,15,,,,,,5,,5,,
,,,16.2,,,,,,8,,,,,,,,,,,,3,,,,,,,7,3,,8,,,,,,50,,50,,
,,,10.4,,,,,,19,,,,,,,,,,,,11,,,,,,,4,11,,19,,,,,,6,,6,,
,,,5.6,,,,,,15,,,,,,,,,,,,43,,,,,,,3,43,,15,,,,,,13,,13,,
,,,7,,,,,,15,,,,,,,,,,,,14,,,,,,,11,14,,15,,,,,,20,,20,,
,,,7,,,,,,14,,,,,,,,,,,,6,,,,,,,9,6,,14,,,,,,9,,9,,
,,,8,,,,,,15,,,,,,,,,,,,14,,,,,,,11,14,,15,,,,,,15,,15,,
,,,10,,,,,,15,,,,,,,,,,,,6,,,,,,,6,6,,15,,,,,,6,,6,,
,,,8,,,,,,14,,,,,,,,,,,,9,,,,,,,12,9,,14,,,,,,5,,5,,
,,,22,,,,,,14,,,,,,,,,,,,7,,,,,,,6,7,,14,,,,,,4,,4,,
,,,5,,,,,,12,,,,,,,,,,,,6,,,,,,,6,6,,12,,,,,,5,,5,,
,,,,,,,,,17,,,,,,,,,,,,4,,,,,,,16,4,,17,,,,,,6,,6,,
,,,,,,,,,13,,,,,,,,,,,,6,,,,,,,39,6,,13,,,,,,12,,12,,
,,,,,,,,,17,,,,,,,,,,,,11,,,,,,,5,11,,17,,,,,,8,,8,,
,,,,,,,,,13,,,,,,,,,,,,6,,,,,,,15,6,,13,,,,,,13,,13,,
,,,,,,,,,12,,,,,,,,,,,,8,,,,,,,1,8,,12,,,,,,4,,4,,
,,,,,,,,,10,,,,,,,,,,,,4,,,,,,,12,4,,10,,,,,,9,,9,,
,,,,,,,,,11,,,,,,,,,,,,8,,,,,,,18,8,,11,,,,,,15,,15,,
,,,,,,,,,16,,,,,,,,,,,,6,,,,,,,6,6,,16,,,,,,40,,40,,
,,,,,,,,,15,,,,,,,,,,,,34,,,,,,,5,34,,15,,,,,,46,,46,,
,,,,,,,,,15,,,,,,,,,,,,10,,,,,,,50,10,,15,,,,,,15,,15,,
,,,,,,,,,12,,,,,,,,,,,,2,,,,,,,6,2,,12,,,,,,8,,8,,
,,,,,,,,,10,,,,,,,,,,,,7,,,,,,,13,7,,10,,,,,,4,,4,,
,,,,,,,,,15,,,,,,,,,,,,4,,,,,,,20,4,,15,,,,,,34,,34,,
,,,,,,,,,12,,,,,,,,,,,,3,,,,,,,2,3,,12,,,,,,4,,4,,
,,,,,,,,,1,,,,,,,,,,,,11,,,,,,,9,11,,1,,,,,,7,,7,,
,,,,,,,,,11,,,,,,,,,,,,9,,,,,,,15,9,,11,,,,,,7,,7,,
,,,,,,,,,13,,,,,,,,,,,,11,,,,,,,6,11,,13,,,,,,37,,37,,
,,,,,,,,,8,,,,,,,,,,,,6,,,,,,,5,6,,8,,,,,,9,,9,,
,,,,,,,,,12,,,,,,,,,,,,12,,,,,,,10,12,,12,,,,,,1,,1,,
,,,,,,,,,12,,,,,,,,,,,,6,,,,,,,4,6,,12,,,,,,31,,31,,
,,,,,,,,,13,,,,,,,,,,,,6,,,,,,,5,6,,13,,,,,,13,,13,,
,,,,,,,,,9,,,,,,,,,,,,16,,,,,,,6,16,,9,,,,,,12,,12,,
,,,,,,,,,12,,,,,,,,,,,,39,,,,,,,12,39,,12,,,,,,10,,10,,
,,,,,,,,,9,,,,,,,,,,,,5,,,,,,,22,5,,9,,,,,,2,,2,,
,,,,,,,,,8,,,,,,,,,,,,15,,,,,,,8,15,,8,,,,,,13,,13,,
,,,,,,,,,9,,,,,,,,,,,,1,,,,,,,13,1,,9,,,,,,12,,12,,
,,,,,,,,,13,,,,,,,,,,,,12,,,,,,,5,12,,13,,,,,,10,,10,,
,,,,,,,,,11,,,,,,,,,,,,18,,,,,,,4,18,,11,,,,,,7,,7,,
,,,,,,,,,7,,,,,,,,,,,,6,,,,,,,12,6,,7,,,,,,8,,8,,
,,,,,,,,,7,,,,,,,,,,,,5,,,,,,,9,5,,7,,,,,,17,,17,,
,,,,,,,,,11,,,,,,,,,,,,50,,,,,,,7,50,,11,,,,,,5,,5,,
,,,,,,,,,10,,,,,,,,,,,,6,,,,,,,15,6,,10,,,,,,20,,20,,
,,,,,,,,,6,,,,,,,,,,,,13,,,,,,,40,13,,6,,,,,,16,,16,,
,,,,,,,,,11,,,,,,,,,,,,20,,,,,,,46,20,,11,,,,,,6,,6,,
,,,,,,,,,6,,,,,,,,,,,,2,,,,,,,15,2,,6,,,,,,7,,7,,
,,,,,,,,,5,,,,,,,,,,,,9,,,,,,,8,9,,5,,,,,,5,,5,,
,,,,,,,,,12,,,,,,,,,,,,15,,,,,,,4,15,,12,,,,,,31,,31,,
,,,,,,,,,5,,,,,,,,,,,,6,,,,,,,34,6,,5,,,,,,7,,7,,
,,,,,,,,,9,,,,,,,,,,,,5,,,,,,,4,5,,9,,,,,,4,,4,,
,,,,,,,,,5,,,,,,,,,,,,10,,,,,,,7,10,,5,,,,,,12,,12,,
,,,,,,,,,5,,,,,,,,,,,,4,,,,,,,7,4,,5,,,,,,13,,13,,
,,,,,,,,,4,,,,,,,,,,,,5,,,,,,,37,5,,4,,,,,,2,,2,,
,,,,,,,,,5,,,,,,,,,,,,6,,,,,,,9,6,,5,,,,,,9,,9,,
,,,,,,,,,5,,,,,,,,,,,,12,,,,,,,1,12,,5,,,,,,6,,6,,
,,,,,,,,,8,,,,,,,,,,,,22,,,,,,,31,22,,8,,,,,,9,,9,,
,,,,,,,,,8,,,,,,,,,,,,8,,,,,,,13,8,,8,,,,,,2,,2,,
,,,,,,,,,4,,,,,,,,,,,,13,,,,,,,12,13,,4,,,,,,11,,11,,
,,,,,,,,,8,,,,,,,,,,,,5,,,,,,,10,5,,8,,,,,,13,,13,,
,,,,,,,,,8,,,,,,,,,,,,4,,,,,,,2,4,,8,,,,,,4,,4,,
,,,,,,,,,8,,,,,,,,,,,,12,,,,,,,13,12,,8,,,,,,7,,7,,
,,,,,,,,,8,,,,,,,,,,,,9,,,,,,,12,9,,8,,,,,,3,,3,,
,,,,,,,,,8,,,,,,,,,,,,7,,,,,,,10,7,,8,,,,,,11,,11,,
,,,,,,,,,8,,,,,,,,,,,,15,,,,,,,7,15,,8,,,,,,6,,6,,
,,,,,,,,,7,,,,,,,,,,,,40,,,,,,,8,40,,7,,,,,,8,,8,,
,,,,,,,,,7,,,,,,,,,,,,46,,,,,,,17,46,,7,,,,,,9,,9,,
,,,,,,,,,7,,,,,,,,,,,,15,,,,,,,5,15,,7,,,,,,7,,7,,
,,,,,,,,,7,,,,,,,,,,,,8,,,,,,,20,8,,7,,,,,,15,,15,,
,,,,,,,,,12,,,,,,,,,,,,4,,,,,,,16,4,,12,,,,,,10,,10,,
,,,,,,,,,7,,,,,,,,,,,,34,,,,,,,6,34,,7,,,,,,15,,15,,
,,,,,,,,,6,,,,,,,,,,,,4,,,,,,,7,4,,6,,,,,,5,,5,,
,,,,,,,,,7,,,,,,,,,,,,7,,,,,,,16,7,,7,,,,,,8,,8,,
,,,,,,,,,6,,,,,,,,,,,,7,,,,,,,5,7,,6,,,,,,2,,2,,
,,,,,,,,,7,,,,,,,,,,,,37,,,,,,,31,37,,7,,,,,,7,,7,,
,,,,,,,,,6,,,,,,,,,,,,9,,,,,,,7,9,,6,,,,,,2,,2,,
,,,,,,,,,6,,,,,,,,,,,,1,,,,,,,4,1,,6,,,,,,5,,5,,
,,,,,,,,,6,,,,,,,,,,,,31,,,,,,,12,31,,6,,,,,,8,,8,,
,,,,,,,,,6,,,,,,,,,,,,13,,,,,,,13,13,,6,,,,,,13,,13,,
,,,,,,,,,6,,,,,,,,,,,,12,,,,,,,8,12,,6,,,,,,16,,16,,
,,,,,,,,,6,,,,,,,,,,,,10,,,,,,,22,10,,6,,,,,,10,,10,,
,,,,,,,,,6,,,,,,,,,,,,2,,,,,,,2,2,,6,,,,,,8,,8,,
,,,,,,,,,6,,,,,,,,,,,,13,,,,,,,9,13,,6,,,,,,8,,8,,
,,,,,,,,,6,,,,,,,,,,,,12,,,,,,,6,12,,6,,,,,,12,,12,,
,,,,,,,,,6,,,,,,,,,,,,10,,,,,,,9,10,,6,,,,,,5,,5,,
,,,,,,,,,6,,,,,,,,,,,,7,,,,,,,2,7,,6,,,,,,16,,16,,
,,,,,,,,,26,,,,,,,,,,,,8,,,,,,,11,8,,26,,,,,,13,,13,,
,,,,,,,,,5,,,,,,,,,,,,17,,,,,,,13,17,,5,,,,,,17,,17,,
,,,,,,,,,27,,,,,,,,,,,,5,,,,,,,4,5,,27,,,,,,16,,16,,
,,,,,,,,,5,,,,,,,,,,,,20,,,,,,,7,20,,5,,,,,,4,,4,,
,,,,,,,,,5,,,,,,,,,,,,16,,,,,,,11,16,,5,,,,,,7,,7,,
,,,,,,,,,14,,,,,,,,,,,,6,,,,,,,3,6,,14,,,,,,6,,6,,
,,,,,,,,,14,,,,,,,,,,,,7,,,,,,,11,7,,14,,,,,,12,,12,,
,,,,,,,,,14,,,,,,,,,,,,16,,,,,,,6,16,,14,,,,,,3,,3,,
,,,,,,,,,14,,,,,,,,,,,,5,,,,,,,8,5,,14,,,,,,2,,2,,
,,,,,,,,,4,,,,,,,,,,,,31,,,,,,,9,31,,4,,,,,,8,,8,,
,,,,,,,,,14,,,,,,,,,,,,7,,,,,,,7,7,,14,,,,,,9,,9,,
,,,,,,,,,14,,,,,,,,,,,,4,,,,,,,15,4,,14,,,,,,4,,4,,
,,,,,,,,,14,,,,,,,,,,,,12,,,,,,,10,12,,14,,,,,,7,,7,,
,,,,,,,,,14,,,,,,,,,,,,13,,,,,,,15,13,,14,,,,,,12,,12,,
,,,,,,,,,13,,,,,,,,,,,,8,,,,,,,4,8,,13,,,,,,8,,8,,
,,,,,,,,,4,,,,,,,,,,,,22,,,,,,,5,22,,4,,,,,,11,,11,,
,,,,,,,,,13,,,,,,,,,,,,2,,,,,,,8,2,,13,,,,,,8,,8,,
,,,,,,,,,13,,,,,,,,,,,,9,,,,,,,2,9,,13,,,,,,9,,9,,
,,,,,,,,,13,,,,,,,,,,,,6,,,,,,,7,6,,13,,,,,,4,,4,,
,,,,,,,,,13,,,,,,,,,,,,9,,,,,,,2,9,,13,,,,,,1,,1,,
,,,,,,,,,13,,,,,,,,,,,,2,,,,,,,5,2,,13,,,,,,10,,10,,
,,,,,,,,,13,,,,,,,,,,,,11,,,,,,,8,11,,13,,,,,,2,,2,,
,,,,,,,,,13,,,,,,,,,,,,13,,,,,,,13,13,,13,,,,,,18,,18,,
,,,,,,,,,12,,,,,,,,,,,,4,,,,,,,16,4,,12,,,,,,3,,3,,
,,,,,,,,,13,,,,,,,,,,,,7,,,,,,,10,7,,13,,,,,,7,,7,,
,,,,,,,,,13,,,,,,,,,,,,11,,,,,,,8,11,,13,,,,,,12,,12,,
,,,,,,,,,12,,,,,,,,,,,,3,,,,,,,8,3,,12,,,,,,14,,14,,
,,,,,,,,,12,,,,,,,,,,,,11,,,,,,,12,11,,12,,,,,,11,,11,,
,,,,,,,,,12,,,,,,,,,,,,6,,,,,,,5,6,,12,,,,,,11,,11,,
,,,,,,,,,12,,,,,,,,,,,,8,,,,,,,17,8,,12,,,,,,11,,11,,
,,,,,,,,,12,,,,,,,,,,,,9,,,,,,,16,9,,12,,,,,,10,,10,,
,,,,,,,,,11,,,,,,,,,,,,7,,,,,,,4,7,,11,,,,,,9,,9,,
,,,,,,,,,11,,,,,,,,,,,,15,,,,,,,7,15,,11,,,,,,10,,10,,
,,,,,,,,,11,,,,,,,,,,,,10,,,,,,,6,10,,11,,,,,,1,,1,,
,,,,,,,,,11,,,,,,,,,,,,15,,,,,,,7,15,,11,,,,,,12,,12,,
,,,,,,,,,10,,,,,,,,,,,,4,,,,,,,12,4,,10,,,,,,9,,9,,
,,,,,,,,,10,,,,,,,,,,,,5,,,,,,,3,5,,10,,,,,,4,,4,,
,,,,,,,,,10,,,,,,,,,,,,8,,,,,,,4,8,,10,,,,,,12,,12,,
,,,,,,,,,9,,,,,,,,,,,,2,,,,,,,2,2,,9,,,,,,10,,10,,
,,,,,,,,,10,,,,,,,,,,,,7,,,,,,,8,7,,10,,,,,,4,,4,,
,,,,,,,,,10,,,,,,,,,,,,2,,,,,,,9,2,,10,,,,,,8,,8,,
,,,,,,,,,9,,,,,,,,,,,,5,,,,,,,16,5,,9,,,,,,9,,9,,
,,,,,,,,,9,,,,,,,,,,,,8,,,,,,,4,8,,9,,,,,,11,,11,,
,,,,,,,,,9,,,,,,,,,,,,13,,,,,,,7,13,,9,,,,,,9,,9,,
,,,,,,,,,9,,,,,,,,,,,,16,,,,,,,9,16,,9,,,,,,6,,6,,
,,,,,,,,,9,,,,,,,,,,,,10,,,,,,,12,10,,9,,,,,,10,,10,,
,,,,,,,,,9,,,,,,,,,,,,8,,,,,,,8,8,,9,,,,,,3,,3,,
,,,,,,,,,8,,,,,,,,,,,,8,,,,,,,11,8,,8,,,,,,2,,2,,
,,,,,,,,,8,,,,,,,,,,,,12,,,,,,,8,12,,8,,,,,,12,,12,,
,,,,,,,,,7,,,,,,,,,,,,5,,,,,,,9,5,,7,,,,,,2,,2,,
,,,,,,,,,7,,,,,,,,,,,,16,,,,,,,4,16,,7,,,,,,2,,2,,
,,,,,,,,,2,,,,,,,,,,,,13,,,,,,,1,13,,2,,,,,,8,,8,,
,,,,,,,,,7,,,,,,,,,,,,17,,,,,,,10,17,,7,,,,,,9,,9,,
,,,,,,,,,7,,,,,,,,,,,,16,,,,,,,2,16,,7,,,,,,,,2,,
,,,,,,,,,7,,,,,,,,,,,,4,,,,,,,18,4,,7,,,,,,,,8,,
,,,,,,,,,7,,,,,,,,,,,,7,,,,,,,3,7,,7,,,,,,,,0.83,,
,,,,,,,,,7,,,,,,,,,,,,6,,,,,,,7,6,,7,,,,,,,,9,,
,,,,,,,,,6,,,,,,,,,,,,7,,,,,,,12,7,,6,,,,,,,,4,,
,,,,,,,,,6,,,,,,,,,,,,12,,,,,,,14,12,,6,,,,,,,,16,,
,,,,,,,,,5,,,,,,,,,,,,3,,,,,,,8,3,,5,,,,,,,,15,,
,,,,,,,,,5,,,,,,,,,,,,4,,,,,,,11,4,,5,,,,,,,,9,,
,,,,,,,,,6,,,,,,,,,,,,2,,,,,,,11,2,,6,,,,,,,,7,,
,,,,,,,,,5,,,,,,,,,,,,8,,,,,,,11,8,,5,,,,,,,,11,,
,,,,,,,,,5,,,,,,,,,,,,9,,,,,,,10,9,,5,,,,,,,,12,,
,,,,,,,,,5,,,,,,,,,,,,16,,,,,,,9,16,,5,,,,,,,,13,,
,,,,,,,,,5,,,,,,,,,,,,4,,,,,,,14,4,,5,,,,,,,,12,,
,,,,,,,,,5,,,,,,,,,,,,7,,,,,,,1,7,,5,,,,,,,,4,,
,,,,,,,,,4,,,,,,,,,,,,9,,,,,,,12,9,,4,,,,,,,,8,,
,,,,,,,,,4,,,,,,,,,,,,12,,,,,,,6,12,,4,,,,,,,,4,,
,,,,,,,,,4,,,,,,,,,,,,8,,,,,,,9,8,,4,,,,,,,,9,,
,,,,,,,,,4,,,,,,,,,,,,11,,,,,,,4,11,,4,,,,,,,,5,,
,,,,,,,,,4,,,,,,,,,,,,8,,,,,,,12,8,,4,,,,,,,,14,,
,,,,,,,,,3,,,,,,,,,,,,9,,,,,,,10,9,,3,,,,,,,,13,,
,,,,,,,,,3,,,,,,,,,,,,4,,,,,,,4,4,,3,,,,,,,,6,,
,,,,,,,,,3,,,,,,,,,,,,1,,,,,,,8,1,,3,,,,,,,,12,,
,,,,,,,,,3,,,,,,,,,,,,10,,,,,,,9,10,,3,,,,,,,,10,,
,,,,,,,,,3,,,,,,,,,,,,2,,,,,,,11,2,,3,,,,,,,,2.92,,
,,,,,,,,,3,,,,,,,,,,,,18,,,,,,,9,18,,3,,,,,,,,2.17,,
,,,,,,,,,3,,,,,,,,,,,,3,,,,,,,6,3,,3,,,,,,,,7,,
,,,,,,,,,2,,,,,,,,,,,,7,,,,,,,10,7,,2,,,,,,,,4,,
,,,,,,,,,3,,,,,,,,,,,,12,,,,,,,3,12,,3,,,,,,,,5,,
,,,,,,,,,3,,,,,,,,,,,,14,,,,,,,2,14,,3,,,,,,,,9,,
,,,,,,,,,3,,,,,,,,,,,,8,,,,,,,12,8,,3,,,,,,,,14,,
,,,,,,,,,2,,,,,,,,,,,,11,,,,,,,2,11,,2,,,,,,,,6,,
,,,,,,,,,2,,,,,,,,,,,,11,,,,,,,2,11,,2,,,,,,,,9,,
,,,,,,,,,2,,,,,,,,,,,,11,,,,,,,8,11,,2,,,,,,,,4,,
,,,,,,,,,2,,,,,,,,,,,,10,,,,,,,9,10,,2,,,,,,,,11,,
,,,,,,,,,2,,,,,,,,,,,,9,,,,,,,2,9,,2,,,,,,,,16,,
,,,,,,,,,3,,,,,,,,,,,,14,,,,,,,25,14,,3,,,,,,,,4,,
,,,,,,,,,2,,,,,,,,,,,,10,,,,,,,8,10,,2,,,,,,,,15,,
,,,,,,,,,2,,,,,,,,,,,,1,,,,,,,9,1,,2,,,,,,,,4,,
,,,,,,,,,2,,,,,,,,,,,,12,,,,,,,0.83,12,,2,,,,,,,,25,,
,,,,,,,,,1,,,,,,,,,,,,6,,,,,,,9,6,,1,,,,,,,,11,,
,,,,,,,,,2,,,,,,,,,,,,9,,,,,,,4,9,,2,,,,,,,,4,,
,,,,,,,,,1,,,,,,,,,,,,4,,,,,,,16,4,,1,,,,,,,,17,,
,,,,,,,,,1,,,,,,,,,,,,12,,,,,,,5.83,12,,1,,,,,,,,10.2,,
,,,,,,,,,1,,,,,,,,,,,,10,,,,,,,2.42,10,,1,,,,,,,,3.5,,
,,,,,,,,,1,,,,,,,,,,,,4,,,,,,,13.17,4,,1,,,,,,,,4,,
,,,,,,,,,0,,,,,,,,,,,,8,,,,,,,4.92,8,,0,,,,,,,,10,,
,,,,,,,,,0,,,,,,,,,,,,9,,,,,,,7.42,9,,0,,,,,,,,11,,
,,,,,,,,,1,,,,,,,,,,,,11,,,,,,,13.25,11,,1,,,,,,,,16,,
,,,,,,,,,1,,,,,,,,,,,,9,,,,,,,15,9,,1,,,,,,,,1.5,,
,,,,,,,,,1,,,,,,,,,,,,6,,,,,,,10,6,,1,,,,,,,,10,,
,,,,,,,,,1,,,,,,,,,,,,10,,,,,,,9,10,,1,,,,,,,,3,,
,,,,,,,,,1,,,,,,,,,,,,3,,,,,,,7,3,,1,,,,,,,,10,,
,,,,,,,,,1,,,,,,,,,,,,2,,,,,,,11,2,,1,,,,,,,,8,,
,,,,,,,,,1,,,,,,,,,,,,12,,,,,,,12,12,,1,,,,,,,,4,,
,,,,,,,,,1,,,,,,,,,,,,2,,,,,,,13,2,,1,,,,,,,,3,,
,,,,,,,,,1,,,,,,,,,,,,2,,,,,,,12,2,,1,,,,,,,,10,,
,,,,,,,,,13,,,,,,,,,,,,8,,,,,,,4,8,,13,,,,,,,,9,,
,,,,,,,,,12,,,,,,,,,,,,9,,,,,,,8,9,,12,,,,,,,,5,,
,,,,,,,,,5,,,,,,,,,,,,2,,,,,,,4,2,,5,,,,,,,,9,,
,,,,,,,,,9,,,,,,,,,,,,25,,,,,,,9,25,,9,,,,,,,,13,,
,,,,,,,,,7,,,,,,,,,,,,8,,,,,,,5,8,,7,,,,,,,,17,,
,,,,,,,,,18,,,,,,,,,,,,9,,,,,,,14,9,,18,,,,,,,,2.75,,
,,,,,,,,,50,,,,,,,,,,,,0.83,,,,,,,13,0.83,,50,,,,,,,,3,,
,,,,,,,,,36,,,,,,,,,,,,9,,,,,,,6,9,,36,,,,,,,,4,,
,,,,,,,,,2,,,,,,,,,,,,4,,,,,,,12,4,,2,,,,,,,,6.83,,
,,,,,,,,,4,,,,,,,,,,,,16,,,,,,,10,16,,4,,,,,,,,0.3,,
,,,,,,,,,10,,,,,,,,,,,,5.83,,,,,,,13,5.83,,10,,,,,,,,3.3,,
,,,,,,,,,2,,,,,,,,,,,,2.42,,,,,,,7,2.42,,2,,,,,,,,1.7,,
,,,,,,,,,40,,,,,,,,,,,,13.17,,,,,,,7,13.17,,40,,,,,,,,15.5,,
,,,,,,,,,42,,,,,,,,,,,,4.92,,,,,,,12,4.92,,42,,,,,,,,7.8,,
,,,,,,,,,35,,,,,,,,,,,,7.42,,,,,,,17,7.42,,35,,,,,,,,13.8,,
,,,,,,,,,29,,,,,,,,,,,,13.25,,,,,,,10,13.25,,29,,,,,,,,7.2,,
,,,,,,,,,32,,,,,,,,,,,,15,,,,,,,13,15,,32,,,,,,,,3.8,,
,,,,,,,,,24,,,,,,,,,,,,10,,,,,,,9,10,,24,,,,,,,,8.2,,
,,,,,,,,,24,,,,,,,,,,,,9,,,,,,,11,9,,24,,,,,,,,11.1,,
,,,,,,,,,13,,,,,,,,,,,,7,,,,,,,10,7,,13,,,,,,,,8.3,,
,,,,,,,,,10,,,,,,,,,,,,11,,,,,,,11,11,,10,,,,,,,,15.2,,
,,,,,,,,,10,,,,,,,,,,,,12,,,,,,,13,12,,10,,,,,,,,9.1,,
,,,,,,,,,9,,,,,,,,,,,,13,,,,,,,11,13,,9,,,,,,,,10.6,,
,,,,,,,,,6,,,,,,,,,,,,12,,,,,,,6,12,,6,,,,,,,,11.6,,
,,,,,,,,,6,,,,,,,,,,,,4,,,,,,,10,4,,6,,,,,,,,10,,
,,,,,,,,,6,,,,,,,,,,,,8,,,,,,,6,8,,6,,,,,,,,12.6,,
,,,,,,,,,6,,,,,,,,,,,,4,,,,,,,4,4,,6,,,,,,,,1.3,,
,,,,,,,,,2,,,,,,,,,,,,9,,,,,,,11,9,,2,,,,,,,,3.4,,
,,,,,,,,,2,,,,,,,,,,,,5,,,,,,,3,5,,2,,,,,,,,7.1,,
,,,,,,,,,2,,,,,,,,,,,,14,,,,,,,4,14,,2,,,,,,,,36.3,,
,,,,,,,,,2,,,,,,,,,,,,13,,,,,,,4,13,,2,,,,,,,,13.3,,
,,,,,,,,,1,,,,,,,,,,,,6,,,,,,,7,6,,1,,,,,,,,6.2,,
,,,,,,,,,19,,,,,,,,,,,,12,,,,,,,6,12,,19,,,,,,,,12.5,,
,,,,,,,,,6,,,,,,,,,,,,10,,,,,,,11,10,,6,,,,,,,,12,,
,,,,,,,,,26,,,,,,,,,,,,13,,,,,,,14,13,,26,,,,,,,,13.3,,
,,,,,,,,,13,,,,,,,,,,,,7,,,,,,,6,7,,13,,,,,,,,6.4,,
,,,,,,,,,12,,,,,,,,,,,,7,,,,,,,9,7,,12,,,,,,,,11.6,,
,,,,,,,,,10,,,,,,,,,,,,12,,,,,,,2,12,,10,,,,,,,,4.3,,
,,,,,,,,,5,,,,,,,,,,,,17,,,,,,,7,17,,5,,,,,,,,14,,
,,,,,,,,,26,,,,,,,,,,,,10,,,,,,,2,10,,26,,,,,,,,9.9,,
,,,,,,,,,25,,,,,,,,,,,,13,,,,,,,13,13,,25,,,,,,,,9.9,,
,,,,,,,,,25,,,,,,,,,,,,9,,,,,,,7,9,,25,,,,,,,,4.1,,
,,,,,,,,,19,,,,,,,,,,,,11,,,,,,,0.97,11,,19,,,,,,,,9.7,,
,,,,,,,,,19,,,,,,,,,,,,10,,,,,,,7,10,,19,,,,,,,,10,,
,,,,,,,,,18,,,,,,,,,,,,11,,,,,,,2,11,,18,,,,,,,,5.1,,
,,,,,,,,,17,,,,,,,,,,,,13,,,,,,,6,13,,17,,,,,,,,13.9,,
,,,,,,,,,16,,,,,,,,,,,,11,,,,,,,7,11,,16,,,,,,,,11.4,,
,,,,,,,,,1,,,,,,,,,,,,6,,,,,,,5,6,,1,,,,,,,,5.6,,
,,,,,,,,,40,,,,,,,,,,,,10,,,,,,,14,10,,40,,,,,,,,5.6,,
,,,,,,,,,2,,,,,,,,,,,,6,,,,,,,14,6,,2,,,,,,,,3,,
,,,,,,,,,30,,,,,,,,,,,,4,,,,,,,9,4,,30,,,,,,,,6,,
,,,,,,,,,28,,,,,,,,,,,,11,,,,,,,6,11,,28,,,,,,,,8,,
,,,,,,,,,26,,,,,,,,,,,,3,,,,,,,6,3,,26,,,,,,,,3,,
,,,,,,,,,1,,,,,,,,,,,,4,,,,,,,2.92,4,,1,,,,,,,,5,,
,,,,,,,,,44,,,,,,,,,,,,4,,,,,,,10,4,,44,,,,,,,,16,,
,,,,,,,,,15,,,,,,,,,,,,7,,,,,,,2.17,7,,15,,,,,,,,13,,
,,,,,,,,,26,,,,,,,,,,,,6,,,,,,,7,6,,26,,,,,,,,9,,
,,,,,,,,,25,,,,,,,,,,,,11,,,,,,,4,11,,25,,,,,,,,6,,
,,,,,,,,,29,,,,,,,,,,,,14,,,,,,,10,14,,29,,,,,,,,7,,
,,,,,,,,,26,,,,,,,,,,,,6,,,,,,,9,6,,26,,,,,,,,5,,
,,,,,,,,,25,,,,,,,,,,,,9,,,,,,,5,9,,25,,,,,,,,9,,
,,,,,,,,,38,,,,,,,,,,,,2,,,,,,,9,2,,38,,,,,,,,11,,
,,,,,,,,,60,,,,,,,,,,,,7,,,,,,,14,7,,60,,,,,,,,8,,
,,,,,,,,,43,,,,,,,,,,,,2,,,,,,,6,2,,43,,,,,,,,7,,
,,,,,,,,,32,,,,,,,,,,,,13,,,,,,,9,13,,32,,,,,,,,8,,
,,,,,,,,,44,,,,,,,,,,,,7,,,,,,,4,7,,44,,,,,,,,7,,
,,,,,,,,,3,,,,,,,,,,,,0.97,,,,,,,11,0.97,,3,,,,,,,,5,,
,,,,,,,,,57,,,,,,,,,,,,7,,,,,,,16,7,,57,,,,,,,,18,,
,,,,,,,,,28,,,,,,,,,,,,2,,,,,,,7,2,,28,,,,,,,,8,,
,,,,,,,,,40,,,,,,,,,,,,6,,,,,,,4,6,,40,,,,,,,,2,,
,,,,,,,,,26,,,,,,,,,,,,7,,,,,,,6,7,,26,,,,,,,,10,,
,,,,,,,,,25,,,,,,,,,,,,5,,,,,,,1,5,,25,,,,,,,,5,,
,,,,,,,,,40,,,,,,,,,,,,14,,,,,,,3.58,14,,40,,,,,,,,26,,
,,,,,,,,,16,,,,,,,,,,,,14,,,,,,,7,14,,16,,,,,,,,38,,
,,,,,,,,,20,,,,,,,,,,,,9,,,,,,,7,9,,20,,,,,,,,6,,
,,,,,,,,,29,,,,,,,,,,,,6,,,,,,,4.42,6,,29,,,,,,,,5,,
,,,,,,,,,26,,,,,,,,,,,,6,,,,,,,5.83,6,,26,,,,,,,,3,,
,,,,,,,,,26,,,,,,,,,,,,2.92,,,,,,,15,2.92,,26,,,,,,,,7,,
,,,,,,,,,17,,,,,,,,,,,,10,,,,,,,4,10,,17,,,,,,,,2,,
,,,,,,,,,20,,,,,,,,,,,,2.17,,,,,,,25,2.17,,20,,,,,,,,,,
,,,,,,,,,22,,,,,,,,,,,,7,,,,,,,9,7,,22,,,,,,,,,,
,,,,,,,,,19,,,,,,,,,,,,4,,,,,,,11,4,,19,,,,,,,,,,
,,,,,,,,,18,,,,,,,,,,,,10,,,,,,,4,10,,18,,,,,,,,,,
,,,,,,,,,13,,,,,,,,,,,,9,,,,,,,17,9,,13,,,,,,,,,,
,,,,,,,,,33,,,,,,,,,,,,5,,,,,,,10.2,5,,33,,,,,,,,,,
,,,,,,,,,35,,,,,,,,,,,,9,,,,,,,3.5,9,,35,,,,,,,,,,
,,,,,,,,,35,,,,,,,,,,,,14,,,,,,,5,14,,35,,,,,,,,,,
,,,,,,,,,24,,,,,,,,,,,,6,,,,,,,4,6,,24,,,,,,,,,,
,,,,,,,,,23,,,,,,,,,,,,9,,,,,,,10,9,,23,,,,,,,,,,
,,,,,,,,,17,,,,,,,,,,,,4,,,,,,,11,4,,17,,,,,,,,,,
,,,,,,,,,14,,,,,,,,,,,,11,,,,,,,8,11,,14,,,,,,,,,,
,,,,,,,,,10,,,,,,,,,,,,16,,,,,,,7,16,,10,,,,,,,,,,
,,,,,,,,,9,,,,,,,,,,,,7,,,,,,,16,7,,9,,,,,,,,,,
,,,,,,,,,9,,,,,,,,,,,,4,,,,,,,1.5,4,,9,,,,,,,,,,
,,,,,,,,,9,,,,,,,,,,,,6,,,,,,,10,6,,9,,,,,,,,,,
,,,,,,,,,6,,,,,,,,,,,,1,,,,,,,3,1,,6,,,,,,,,,,
,,,,,,,,,6,,,,,,,,,,,,3.58,,,,,,,10,3.58,,6,,,,,,,,,,
,,,,,,,,,14,,,,,,,,,,,,7,,,,,,,10,7,,14,,,,,,,,,,
,,,,,,,,,9,,,,,,,,,,,,7,,,,,,,8,7,,9,,,,,,,,,,
,,,,,,,,,5,,,,,,,,,,,,4.42,,,,,,,4,4.42,,5,,,,,,,,,,
,,,,,,,,,4,,,,,,,,,,,,5.83,,,,,,,3,5.83,,4,,,,,,,,,,
,,,,,,,,,31.4,,,,,,,,,,,,15,,,,,,,10,15,,31.4,,,,,,,,,,
,,,,,,,,,30.6,,,,,,,,,,,,4,,,,,,,6,4,,30.6,,,,,,,,,,
,,,,,,,,,27,,,,,,,,,,,,25,,,,,,,9,25,,27,,,,,,,,,,
,,,,,,,,,19.9,,,,,,,,,,,,9,,,,,,,5,9,,19.9,,,,,,,,,,
,,,,,,,,,12,,,,,,,,,,,,11,,,,,,,6,11,,12,,,,,,,,,,
,,,,,,,,,13,,,,,,,,,,,,4,,,,,,,13,4,,13,,,,,,,,,,
,,,,,,,,,36,,,,,,,,,,,,17,,,,,,,21,17,,36,,,,,,,,,,
,,,,,,,,,26,,,,,,,,,,,,10.2,,,,,,,9.6,10.2,,26,,,,,,,,,,
,,,,,,,,,15,,,,,,,,,,,,3.5,,,,,,,10.7,3.5,,15,,,,,,,,,,
,,,,,,,,,1,,,,,,,,,,,,5,,,,,,,13,5,,1,,,,,,,,,,
,,,,,,,,,13,,,,,,,,,,,,4,,,,,,,7.8,4,,13,,,,,,,,,,
,,,,,,,,,8,,,,,,,,,,,,10,,,,,,,6,10,,8,,,,,,,,,,
,,,,,,,,,1,,,,,,,,,,,,11,,,,,,,5.4,11,,1,,,,,,,,,,
,,,,,,,,,9,,,,,,,,,,,,8,,,,,,,9.6,8,,9,,,,,,,,,,
,,,,,,,,,8,,,,,,,,,,,,7,,,,,,,6.6,7,,8,,,,,,,,,,
,,,,,,,,,10,,,,,,,,,,,,16,,,,,,,4.3,16,,10,,,,,,,,,,
,,,,,,,,,7,,,,,,,,,,,,1.5,,,,,,,30,1.5,,7,,,,,,,,,,
,,,,,,,,,2,,,,,,,,,,,,10,,,,,,,2.9,10,,2,,,,,,,,,,
,,,,,,,,,2,,,,,,,,,,,,3,,,,,,,8,3,,2,,,,,,,,,,
,,,,,,,,,12,,,,,,,,,,,,10,,,,,,,8,10,,12,,,,,,,,,,
,,,,,,,,,3,,,,,,,,,,,,10,,,,,,,1.5,10,,3,,,,,,,,,,
,,,,,,,,,15,,,,,,,,,,,,8,,,,,,,4.5,8,,15,,,,,,,,,,
,,,,,,,,,4,,,,,,,,,,,,4,,,,,,,15,4,,4,,,,,,,,,,
,,,,,,,,,18,,,,,,,,,,,,3,,,,,,,8,3,,18,,,,,,,,,,
,,,,,,,,,91,,,,,,,,,,,,10,,,,,,,5,10,,91,,,,,,,,,,
,,,,,,,,,16,,,,,,,,,,,,6,,,,,,,7,6,,16,,,,,,,,,,
,,,,,,,,,3,,,,,,,,,,,,9,,,,,,,3,9,,3,,,,,,,,,,
,,,,,,,,,1,,,,,,,,,,,,5,,,,,,,9,5,,1,,,,,,,,,,
,,,,,,,,,4,,,,,,,,,,,,6,,,,,,,13,6,,4,,,,,,,,,,
,,,,,,,,,32.4,,,,,,,,,,,,13,,,,,,,15,13,,32.4,,,,,,,,,,
,,,,,,,,,44,,,,,,,,,,,,21,,,,,,,9,21,,44,,,,,,,,,,
,,,,,,,,,38,,,,,,,,,,,,9.6,,,,,,,11,9.6,,38,,,,,,,,,,
,,,,,,,,,38,,,,,,,,,,,,10.7,,,,,,,3,10.7,,38,,,,,,,,,,
,,,,,,,,,28,,,,,,,,,,,,13,,,,,,,4,13,,28,,,,,,,,,,
,,,,,,,,,40,,,,,,,,,,,,7.8,,,,,,,6.83,7.8,,40,,,,,,,,,,
,,,,,,,,,27,,,,,,,,,,,,6,,,,,,,5.5,6,,27,,,,,,,,,,
,,,,,,,,,22,,,,,,,,,,,,5.4,,,,,,,5.92,5.4,,22,,,,,,,,,,
,,,,,,,,,20,,,,,,,,,,,,9.6,,,,,,,1.75,9.6,,20,,,,,,,,,,
,,,,,,,,,22,,,,,,,,,,,,6.6,,,,,,,11,6.6,,22,,,,,,,,,,
,,,,,,,,,10,,,,,,,,,,,,4.3,,,,,,,2.25,4.3,,10,,,,,,,,,,
,,,,,,,,,28.5,,,,,,,,,,,,30,,,,,,,8,30,,28.5,,,,,,,,,,
,,,,,,,,,10,,,,,,,,,,,,2.9,,,,,,,9,2.9,,10,,,,,,,,,,
,,,,,,,,,22,,,,,,,,,,,,8,,,,,,,3,8,,22,,,,,,,,,,
,,,,,,,,,24,,,,,,,,,,,,8,,,,,,,4,8,,24,,,,,,,,,,
,,,,,,,,,21,,,,,,,,,,,,1.5,,,,,,,8,1.5,,21,,,,,,,,,,
,,,,,,,,,9.5,,,,,,,,,,,,4.5,,,,,,,2.33,4.5,,9.5,,,,,,,,,,
,,,,,,,,,6.5,,,,,,,,,,,,15,,,,,,,12,15,,6.5,,,,,,,,,,
,,,,,,,,,6.3,,,,,,,,,,,,8,,,,,,,9,8,,6.3,,,,,,,,,,
,,,,,,,,,24,,,,,,,,,,,,5,,,,,,,2.75,5,,24,,,,,,,,,,
,,,,,,,,,30,,,,,,,,,,,,7,,,,,,,4.25,7,,30,,,,,,,,,,
,,,,,,,,,2,,,,,,,,,,,,3,,,,,,,5,3,,2,,,,,,,,,,
,,,,,,,,,16,,,,,,,,,,,,9,,,,,,,7,9,,16,,,,,,,,,,
,,,,,,,,,1,,,,,,,,,,,,13,,,,,,,9,13,,1,,,,,,,,,,
,,,,,,,,,11,,,,,,,,,,,,15,,,,,,,2,15,,11,,,,,,,,,,
,,,,,,,,,12,,,,,,,,,,,,9,,,,,,,42,9,,12,,,,,,,,,,
,,,,,,,,,14,,,,,,,,,,,,11,,,,,,,11,11,,14,,,,,,,,,,
,,,,,,,,,17,,,,,,,,,,,,5.92,,,,,,,3,5.92,,17,,,,,,,,,,
,,,,,,,,,27,,,,,,,,,,,,8,,,,,,,6,8,,27,,,,,,,,,,
,,,,,,,,,20,,,,,,,,,,,,13,,,,,,,6,13,,20,,,,,,,,,,
,,,,,,,,,56,,,,,,,,,,,,8,,,,,,,13,8,,56,,,,,,,,,,
,,,,,,,,,50,,,,,,,,,,,,17,,,,,,,9,17,,50,,,,,,,,,,
,,,,,,,,,36,,,,,,,,,,,,2.75,,,,,,,6,2.75,,36,,,,,,,,,,
,,,,,,,,,17,,,,,,,,,,,,8,,,,,,,10,8,,17,,,,,,,,,,
,,,,,,,,,34,,,,,,,,,,,,11,,,,,,,7,11,,34,,,,,,,,,,
,,,,,,,,,24,,,,,,,,,,,,3,,,,,,,6,3,,24,,,,,,,,,,
,,,,,,,,,23,,,,,,,,,,,,4,,,,,,,3,4,,23,,,,,,,,,,
,,,,,,,,,31,,,,,,,,,,,,6.83,,,,,,,3,6.83,,31,,,,,,,,,,
,,,,,,,,,1,,,,,,,,,,,,5.5,,,,,,,3,5.5,,1,,,,,,,,,,
,,,,,,,,,3.5,,,,,,,,,,,,5.92,,,,,,,23,5.92,,3.5,,,,,,,,,,
,,,,,,,,,9,,,,,,,,,,,,1.75,,,,,,,11,1.75,,9,,,,,,,,,,
,,,,,,,,,21,,,,,,,,,,,,11,,,,,,,11,11,,21,,,,,,,,,,
,,,,,,,,,26,,,,,,,,,,,,2.25,,,,,,,3,2.25,,26,,,,,,,,,,
,,,,,,,,,32,,,,,,,,,,,,8,,,,,,,3,8,,32,,,,,,,,,,
,,,,,,,,,28,,,,,,,,,,,,9,,,,,,,5,9,,28,,,,,,,,,,
,,,,,,,,,37,,,,,,,,,,,,3,,,,,,,18,3,,37,,,,,,,,,,
,,,,,,,,,1,,,,,,,,,,,,4,,,,,,,42,4,,1,,,,,,,,,,
,,,,,,,,,30,,,,,,,,,,,,8,,,,,,,31,8,,30,,,,,,,,,,
,,,,,,,,,1,,,,,,,,,,,,2.33,,,,,,,6,2.33,,1,,,,,,,,,,
,,,,,,,,,2,,,,,,,,,,,,12,,,,,,,7,12,,2,,,,,,,,,,
,,,,,,,,,2,,,,,,,,,,,,9,,,,,,,11,9,,2,,,,,,,,,,
,,,,,,,,,4,,,,,,,,,,,,2.75,,,,,,,20,2.75,,4,,,,,,,,,,
,,,,,,,,,10,,,,,,,,,,,,4.25,,,,,,,9,4.25,,10,,,,,,,,,,
,,,,,,,,,10,,,,,,,,,,,,5,,,,,,,14,5,,10,,,,,,,,,,
,,,,,,,,,13,,,,,,,,,,,,7,,,,,,,2,7,,13,,,,,,,,,,
,,,,,,,,,6,,,,,,,,,,,,9,,,,,,,4,9,,6,,,,,,,,,,
,,,,,,,,,9.266666667,,,,,,,,,,,,2,,,,,,,9,5.6,,19.4,,,,,,,,,,
,,,,,,,,,6.633333333,,,,,,,,,,,,42,,,,,,,2,2.1,,14.4,,,,,,,,,,
,,,,,,,,,14.96666667,,,,,,,,,,,,11,,,,,,,8,4.6,,61.5,,,,,,,,,,
,,,,,,,,,26.3,,,,,,,,,,,,3,,,,,,,4,8,,75.4,,,,,,,,,,
,,,,,,,,,14.23333333,,,,,,,,,,,,6,,,,,,,7,0.3,,38.4,,,,,,,,,,
,,,,,,,,,13.36666667,,,,,,,,,,,,6,,,,,,,7,7.8,,26.5,,,,,,,,,,
,,,,,,,,,13.4,,,,,,,,,,,,13,,,,,,,6,,,4.4,,,,,,,,,,
,,,,,,,,,11.56666667,,,,,,,,,,,,9,,,,,,,9,6.1,,13.2,,,,,,,,,,
,,,,,,,,,9.2,,,,,,,,,,,,6,,,,,,,7,12.2,,73.9,,,,,,,,,,
,,,,,,,,,9.166666667,,,,,,,,,,,,10,,,,,,,7,7.1,,46.9,,,,,,,,,,
,,,,,,,,,9.1,,,,,,,,,,,,7,,,,,,,9,10.9,,59.1,,,,,,,,,,
,,,,,,,,,9,,,,,,,,,,,,6,,,,,,,8,2.8,,31.3,,,,,,,,,,
,,,,,,,,,19.93333333,,,,,,,,,,,,3,,,,,,,16,11.1,,107.4,,,,,,,,,,
,,,,,,,,,19.93333333,,,,,,,,,,,,3,,,,,,,13,3.3,,10.8,,,,,,,,,,
,,,,,,,,,7.933333333,,,,,,,,,,,,3,,,,,,,5.6,1.7,,111.2,,,,,,,,,,
,,,,,,,,,19.73333333,,,,,,,,,,,,23,,,,,,,2.1,15.5,,59.2,,,,,,,,,,
,,,,,,,,,7.7,,,,,,,,,,,,11,,,,,,,4.6,7.8,,12,,,,,,,,,,
,,,,,,,,,7.7,,,,,,,,,,,,11,,,,,,,8,3.5,,14.3,,,,,,,,,,
,,,,,,,,,7.5,,,,,,,,,,,,3,,,,,,,0.3,7.3,,17.3,,,,,,,,,,
,,,,,,,,,6.833333333,,,,,,,,,,,,3,,,,,,,7.8,1.3,,0.7,,,,,,,,,,
,,,,,,,,,7.066666667,,,,,,,,,,,,5,,,,,,,,13.8,,91,,,,,,,,,,
,,,,,,,,,7.066666667,,,,,,,,,,,,18,,,,,,,6.1,7.2,,77.4,,,,,,,,,,
,,,,,,,,,7.033333333,,,,,,,,,,,,42,,,,,,,12.2,3.8,,128.7,,,,,,,,,,
,,,,,,,,,18.76666667,,,,,,,,,,,,31,,,,,,,7.1,8.2,,93.1,,,,,,,,,,
,,,,,,,,,6.666666667,,,,,,,,,,,,6,,,,,,,10.9,11.1,,114.5,,,,,,,,,,
,,,,,,,,,6.533333333,,,,,,,,,,,,7,,,,,,,2.8,8.3,,58.9,,,,,,,,,,
,,,,,,,,,6.533333333,,,,,,,,,,,,11,,,,,,,11.1,5.6,,36.7,,,,,,,,,,
,,,,,,,,,6.4,,,,,,,,,,,,20,,,,,,,3.3,15.2,,50.3,,,,,,,,,,
,,,,,,,,,6.366666667,,,,,,,,,,,,9,,,,,,,1.7,9.1,,23.6,,,,,,,,,,
,,,,,,,,,5.866666667,,,,,,,,,,,,14,,,,,,,15.5,10.6,,107.4,,,,,,,,,,
,,,,,,,,,5.833333333,,,,,,,,,,,,2,,,,,,,7.8,11.6,,75.9,,,,,,,,,,
,,,,,,,,,17.46666667,,,,,,,,,,,,4,,,,,,,3.5,10,,111.1,,,,,,,,,,
,,,,,,,,,5.5,,,,,,,,,,,,9,,,,,,,7.3,0.6,,8.8,,,,,,,,,,
,,,,,,,,,5.6,,,,,,,,,,,,2,,,,,,,1.3,11.1,,77,,,,,,,,,,
,,,,,,,,,5.6,,,,,,,,,,,,8,,,,,,,13.8,12.6,,53.9,,,,,,,,,,
,,,,,,,,,5.5,,,,,,,,,,,,4,,,,,,,7.2,7,,75.3,,,,,,,,,,
,,,,,,,,,5.5,,,,,,,,,,,,7,,,,,,,3.8,9.4,,258.4,,,,,,,,,,
,,,,,,,,,4.533333333,,,,,,,,,,,,7,,,,,,,8.2,1.3,,49.2,,,,,,,,,,
,,,,,,,,,4.933333333,,,,,,,,,,,,6,,,,,,,11.1,3.4,,47.8,,,,,,,,,,
,,,,,,,,,16.33333333,,,,,,,,,,,,9,,,,,,,8.3,7.1,,112.1,,,,,,,,,,
,,,,,,,,,4.2,,,,,,,,,,,,7,,,,,,,5.6,14,,24.4,,,,,,,,,,
,,,,,,,,,4.433333333,,,,,,,,,,,,10,,,,,,,15.2,36.3,,8.4,,,,,,,,,,
,,,,,,,,,4.733333333,,,,,,,,,,,,7,,,,,,,9.1,7.6,,54.6,,,,,,,,,,
,,,,,,,,,3.866666667,,,,,,,,,,,,9,,,,,,,10.6,13.3,,79.7,,,,,,,,,,
,,,,,,,,,3.133333333,,,,,,,,,,,,8,,,,,,,11.6,5.2,,15.1,,,,,,,,,,
,,,,,,,,,3.033333333,,,,,,,,,,,,16,,,,,,,10,4.6,,76.4,,,,,,,,,,
,,,,,,,,,3.4,,,,,,,,,,,,13,,,,,,,0.6,11.7,,46.3,,,,,,,,,,
,,,,,,,,,,,,,,,,,,,,,,,,,,,,11.1,6.2,,111.7,,,,,,,,,,
,,,,,,,,,,,,,,,,,,,,,,,,,,,,12.6,12.5,,144.8,,,,,,,,,,
,,,,,,,,,,,,,,,,,,,,,,,,,,,,7,3.7,,133.7,,,,,,,,,,
,,,,,,,,,,,,,,,,,,,,,,,,,,,,9.4,9.3,,114.4,,,,,,,,,,
,,,,,,,,,,,,,,,,,,,,,,,,,,,,1.3,13,,51.8,,,,,,,,,,
,,,,,,,,,,,,,,,,,,,,,,,,,,,,3.4,12,,110.4,,,,,,,,,,
,,,,,,,,,,,,,,,,,,,,,,,,,,,,7.1,9.7,,45.4,,,,,,,,,,
,,,,,,,,,,,,,,,,,,,,,,,,,,,,14,13.3,,26.3,,,,,,,,,,
,,,,,,,,,,,,,,,,,,,,,,,,,,,,36.3,15.4,,8.2,,,,,,,,,,
,,,,,,,,,,,,,,,,,,,,,,,,,,,,7.6,6.4,,59,,,,,,,,,,
,,,,,,,,,,,,,,,,,,,,,,,,,,,,13.3,6.4,,62.1,,,,,,,,,,
,,,,,,,,,,,,,,,,,,,,,,,,,,,,5.2,11.6,,33.9,,,,,,,,,,
,,,,,,,,,,,,,,,,,,,,,,,,,,,,4.6,4.3,,3,,,,,,,,,,
,,,,,,,,,,,,,,,,,,,,,,,,,,,,11.7,3.8,,73.3,,,,,,,,,,
,,,,,,,,,,,,,,,,,,,,,,,,,,,,6.2,4.6,,18.7,,,,,,,,,,
,,,,,,,,,,,,,,,,,,,,,,,,,,,,12.5,13.3,,48.5,,,,,,,,,,
,,,,,,,,,,,,,,,,,,,,,,,,,,,,3.7,14,,13.6,,,,,,,,,,
,,,,,,,,,,,,,,,,,,,,,,,,,,,,9.3,2.1,,27.1,,,,,,,,,,
,,,,,,,,,,,,,,,,,,,,,,,,,,,,13,8.9,,18.9,,,,,,,,,,
,,,,,,,,,,,,,,,,,,,,,,,,,,,,12,9.9,,1.4,,,,,,,,,,
,,,,,,,,,,,,,,,,,,,,,,,,,,,,9.7,9.9,,57.7,,,,,,,,,,
,,,,,,,,,,,,,,,,,,,,,,,,,,,,13.3,4.1,,20,,,,,,,,,,
,,,,,,,,,,,,,,,,,,,,,,,,,,,,15.4,20.9,,45.6,,,,,,,,,,
,,,,,,,,,,,,,,,,,,,,,,,,,,,,6.4,9.7,,20.8,,,,,,,,,,
,,,,,,,,,,,,,,,,,,,,,,,,,,,,6.4,15.4,,19.3,,,,,,,,,,
,,,,,,,,,,,,,,,,,,,,,,,,,,,,11.6,7.7,,91.6,,,,,,,,,,
,,,,,,,,,,,,,,,,,,,,,,,,,,,,4.3,10,,99.9,,,,,,,,,,
,,,,,,,,,,,,,,,,,,,,,,,,,,,,3.8,3.9,,3.6,,,,,,,,,,
,,,,,,,,,,,,,,,,,,,,,,,,,,,,4.6,7.4,,66.6,,,,,,,,,,
,,,,,,,,,,,,,,,,,,,,,,,,,,,,13.3,5.1,,57.8,,,,,,,,,,
,,,,,,,,,,,,,,,,,,,,,,,,,,,,14,4.1,,51,,,,,,,,,,
,,,,,,,,,,,,,,,,,,,,,,,,,,,,2.1,4,,19,,,,,,,,,,
,,,,,,,,,,,,,,,,,,,,,,,,,,,,8.9,5.7,,18.7,,,,,,,,,,
,,,,,,,,,,,,,,,,,,,,,,,,,,,,9.9,13.9,,110.8,,,,,,,,,,
,,,,,,,,,,,,,,,,,,,,,,,,,,,,9.9,1.4,,25.8,,,,,,,,,,
,,,,,,,,,,,,,,,,,,,,,,,,,,,,4.1,11.4,,27.5,,,,,,,,,,
,,,,,,,,,,,,,,,,,,,,,,,,,,,,20.9,0.8,,11.2,,,,,,,,,,
,,,,,,,,,,,,,,,,,,,,,,,,,,,,9.7,16.2,,48.2,,,,,,,,,,
,,,,,,,,,,,,,,,,,,,,,,,,,,,,15.4,10.4,,109.8,,,,,,,,,,
,,,,,,,,,,,,,,,,,,,,,,,,,,,,7.7,5.6,,38,,,,,,,,,,
,,,,,,,,,,,,,,,,,,,,,,,,,,,,10,5.6,,43.9,,,,,,,,,,
,,,,,,,,,,,,,,,,,,,,,,,,,,,,3.9,2.4,,4.3,,,,,,,,,,
,,,,,,,,,,,,,,,,,,,,,,,,,,,,7.4,2,,51,,,,,,,,,,
,,,,,,,,,,,,,,,,,,,,,,,,,,,,5.1,10.2,,31.5,,,,,,,,,,
,,,,,,,,,,,,,,,,,,,,,,,,,,,,4.1,3,,10,,,,,,,,,,
,,,,,,,,,,,,,,,,,,,,,,,,,,,,4,6,,12.2,,,,,,,,,,
,,,,,,,,,,,,,,,,,,,,,,,,,,,,5.7,8,,49.1,,,,,,,,,,
,,,,,,,,,,,,,,,,,,,,,,,,,,,,13.9,3,,17.8,,,,,,,,,,
,,,,,,,,,,,,,,,,,,,,,,,,,,,,1.4,3,,50,,,,,,,,,,
,,,,,,,,,,,,,,,,,,,,,,,,,,,,11.4,5,,57.4,,,,,,,,,,
,,,,,,,,,,,,,,,,,,,,,,,,,,,,0.8,16,,62.4,,,,,,,,,,
,,,,,,,,,,,,,,,,,,,,,,,,,,,,16.2,13,,65.2,,,,,,,,,,
,,,,,,,,,,,,,,,,,,,,,,,,,,,,10.4,9,,61.6,,,,,,,,,,
,,,,,,,,,,,,,,,,,,,,,,,,,,,,5.6,6,,24.8,,,,,,,,,,
,,,,,,,,,,,,,,,,,,,,,,,,,,,,5.6,7,,68.5,,,,,,,,,,
,,,,,,,,,,,,,,,,,,,,,,,,,,,,2.4,6,,18.9,,,,,,,,,,
,,,,,,,,,,,,,,,,,,,,,,,,,,,,2,5,,69.2,,,,,,,,,,
,,,,,,,,,,,,,,,,,,,,,,,,,,,,10.2,9,,72.5,,,,,,,,,,
,,,,,,,,,,,,,,,,,,,,,,,,,,,,3,11,,71.8,,,,,,,,,,
,,,,,,,,,,,,,,,,,,,,,,,,,,,,6,8,,73.9,,,,,,,,,,
,,,,,,,,,,,,,,,,,,,,,,,,,,,,16,13,,72,,,,,,,,,,
,,,,,,,,,,,,,,,,,,,,,,,,,,,,13,7,,12.4,,,,,,,,,,
,,,,,,,,,,,,,,,,,,,,,,,,,,,,9,8,,20.6,,,,,,,,,,
,,,,,,,,,,,,,,,,,,,,,,,,,,,,7,7,,11.5,,,,,,,,,,
,,,,,,,,,,,,,,,,,,,,,,,,,,,,11,8,,28.5,,,,,,,,,,
,,,,,,,,,,,,,,,,,,,,,,,,,,,,8,5,,30.2,,,,,,,,,,
,,,,,,,,,,,,,,,,,,,,,,,,,,,,7,18,,23.8,,,,,,,,,,
,,,,,,,,,,,,,,,,,,,,,,,,,,,,8,8,,41.1,,,,,,,,,,
,,,,,,,,,,,,,,,,,,,,,,,,,,,,7,2,,41.7,,,,,,,,,,
,,,,,,,,,,,,,,,,,,,,,,,,,,,,5,7,,24,,,,,,,,,,
,,,,,,,,,,,,,,,,,,,,,,,,,,,,8,16,,74,,,,,,,,,,
,,,,,,,,,,,,,,,,,,,,,,,,,,,,2,10,,76.8,,,,,,,,,,
,,,,,,,,,,,,,,,,,,,,,,,,,,,,7,5,,82.9,,,,,,,,,,
,,,,,,,,,,,,,,,,,,,,,,,,,,,,16,8,,81.8,,,,,,,,,,
,,,,,,,,,,,,,,,,,,,,,,,,,,,,10,26,,33.4,,,,,,,,,,
,,,,,,,,,,,,,,,,,,,,,,,,,,,,8,38,,21.1,,,,,,,,,,
,,,,,,,,,,,,,,,,,,,,,,,,,,,,38,36,,80.8,,,,,,,,,,
,,,,,,,,,,,,,,,,,,,,,,,,,,,,6,6,,23.8,,,,,,,,,,
,,,,,,,,,,,,,,,,,,,,,,,,,,,,22,22,,20.9,,,,,,,,,,
,,,,,,,,,,,,,,,,,,,,,,,,,,,,5,5,,29.7,,,,,,,,,,
,,,,,,,,,,,,,,,,,,,,,,,,,,,,3,3,,31.2,,,,,,,,,,
,,,,,,,,,,,,,,,,,,,,,,,,,,,,7,7,,36.1,,,,,,,,,,
,,,,,,,,,,,,,,,,,,,,,,,,,,,,3,3,,43.2,,,,,,,,,,
,,,,,,,,,,,,,,,,,,,,,,,,,,,,2,2,,11.2,,,,,,,,,,
,,,,,,,,,,,,,,,,,,,,,,,,,,,,,2,,9.266666667,,,,,,,,,,
,,,,,,,,,,,,,,,,,,,,,,,,,,,,,42,,6.633333333,,,,,,,,,,
,,,,,,,,,,,,,,,,,,,,,,,,,,,,,11,,14.96666667,,,,,,,,,,
,,,,,,,,,,,,,,,,,,,,,,,,,,,,,3,,26.3,,,,,,,,,,
,,,,,,,,,,,,,,,,,,,,,,,,,,,,,6,,14.23333333,,,,,,,,,,
,,,,,,,,,,,,,,,,,,,,,,,,,,,,,6,,13.36666667,,,,,,,,,,
,,,,,,,,,,,,,,,,,,,,,,,,,,,,,13,,13.4,,,,,,,,,,
,,,,,,,,,,,,,,,,,,,,,,,,,,,,,9,,11.56666667,,,,,,,,,,
,,,,,,,,,,,,,,,,,,,,,,,,,,,,,6,,9.2,,,,,,,,,,
,,,,,,,,,,,,,,,,,,,,,,,,,,,,,10,,9.166666667,,,,,,,,,,
,,,,,,,,,,,,,,,,,,,,,,,,,,,,,7,,9.1,,,,,,,,,,
,,,,,,,,,,,,,,,,,,,,,,,,,,,,,6,,9,,,,,,,,,,
,,,,,,,,,,,,,,,,,,,,,,,,,,,,,3,,19.93333333,,,,,,,,,,
,,,,,,,,,,,,,,,,,,,,,,,,,,,,,3,,19.93333333,,,,,,,,,,
,,,,,,,,,,,,,,,,,,,,,,,,,,,,,3,,7.933333333,,,,,,,,,,
,,,,,,,,,,,,,,,,,,,,,,,,,,,,,23,,19.73333333,,,,,,,,,,
,,,,,,,,,,,,,,,,,,,,,,,,,,,,,11,,7.7,,,,,,,,,,
,,,,,,,,,,,,,,,,,,,,,,,,,,,,,11,,7.7,,,,,,,,,,
,,,,,,,,,,,,,,,,,,,,,,,,,,,,,3,,7.5,,,,,,,,,,
,,,,,,,,,,,,,,,,,,,,,,,,,,,,,3,,6.833333333,,,,,,,,,,
,,,,,,,,,,,,,,,,,,,,,,,,,,,,,5,,7.066666667,,,,,,,,,,
,,,,,,,,,,,,,,,,,,,,,,,,,,,,,18,,7.066666667,,,,,,,,,,
,,,,,,,,,,,,,,,,,,,,,,,,,,,,,42,,7.033333333,,,,,,,,,,
,,,,,,,,,,,,,,,,,,,,,,,,,,,,,31,,18.76666667,,,,,,,,,,
,,,,,,,,,,,,,,,,,,,,,,,,,,,,,6,,6.666666667,,,,,,,,,,
,,,,,,,,,,,,,,,,,,,,,,,,,,,,,7,,6.533333333,,,,,,,,,,
,,,,,,,,,,,,,,,,,,,,,,,,,,,,,11,,6.533333333,,,,,,,,,,
,,,,,,,,,,,,,,,,,,,,,,,,,,,,,20,,6.4,,,,,,,,,,
,,,,,,,,,,,,,,,,,,,,,,,,,,,,,9,,6.366666667,,,,,,,,,,
,,,,,,,,,,,,,,,,,,,,,,,,,,,,,14,,5.866666667,,,,,,,,,,
,,,,,,,,,,,,,,,,,,,,,,,,,,,,,2,,5.833333333,,,,,,,,,,
,,,,,,,,,,,,,,,,,,,,,,,,,,,,,4,,17.46666667,,,,,,,,,,
,,,,,,,,,,,,,,,,,,,,,,,,,,,,,9,,5.5,,,,,,,,,,
,,,,,,,,,,,,,,,,,,,,,,,,,,,,,2,,5.6,,,,,,,,,,
,,,,,,,,,,,,,,,,,,,,,,,,,,,,,8,,5.6,,,,,,,,,,
,,,,,,,,,,,,,,,,,,,,,,,,,,,,,4,,5.5,,,,,,,,,,
,,,,,,,,,,,,,,,,,,,,,,,,,,,,,7,,5.5,,,,,,,,,,
,,,,,,,,,,,,,,,,,,,,,,,,,,,,,7,,4.533333333,,,,,,,,,,
,,,,,,,,,,,,,,,,,,,,,,,,,,,,,6,,4.933333333,,,,,,,,,,
,,,,,,,,,,,,,,,,,,,,,,,,,,,,,9,,16.33333333,,,,,,,,,,
,,,,,,,,,,,,,,,,,,,,,,,,,,,,,7,,4.2,,,,,,,,,,
,,,,,,,,,,,,,,,,,,,,,,,,,,,,,10,,4.433333333,,,,,,,,,,
,,,,,,,,,,,,,,,,,,,,,,,,,,,,,7,,4.733333333,,,,,,,,,,
,,,,,,,,,,,,,,,,,,,,,,,,,,,,,9,,3.866666667,,,,,,,,,,
,,,,,,,,,,,,,,,,,,,,,,,,,,,,,8,,3.133333333,,,,,,,,,,
,,,,,,,,,,,,,,,,,,,,,,,,,,,,,16,,3.033333333,,,,,,,,,,
,,,,,,,,,,,,,,,,,,,,,,,,,,,,,13,,3.4,,,,,,,,,,
